#2026 09 10 00:21:36.121#Z#INFO#95691efe-acad-11f1-bceb-eeee0a8894dd.OPERATION#http-nio-0.0.0.0-8080-exec-4#
[XS2StartProcessListener] Operation ID: 95691efe-acad-11f1-bceb-eeee0a8894dd#
#2026 09 10 00:21:36.140#Z#DEBUG#95691efe-acad-11f1-bceb-eeee0a8894dd.OPERATION#http-nio-0.0.0.0-8080-exec-4#
[XS2StartProcessListener] Process environment: {
  "SKIP_SSL_VALIDATION" : "false",
  "FLOWABLE_JOB_EXECUTOR_MAX_THREADS" : "32",
  "VERSION" : "2.53.0",
  "BASIC_AUTH_ENABLED" : "true",
  "FLOWABLE_JOB_EXECUTOR_QUEUE_CAPACITY" : "16",
  "FLOWABLE_JOB_EXECUTOR_CORE_THREADS" : "8"
}#
#2026 09 10 00:21:36.140#Z#DEBUG#95691efe-acad-11f1-bceb-eeee0a8894dd.OPERATION#http-nio-0.0.0.0-8080-exec-4#
[XS2StartProcessListener] Current user: intrigue.sap@gmail.com#
#2026 09 10 00:21:36.140#Z#DEBUG#95691efe-acad-11f1-bceb-eeee0a8894dd.OPERATION#http-nio-0.0.0.0-8080-exec-4#
[XS2StartProcessListener] Client space: dev#
#2026 09 10 00:21:36.140#Z#DEBUG#95691efe-acad-11f1-bceb-eeee0a8894dd.OPERATION#http-nio-0.0.0.0-8080-exec-4#
[XS2StartProcessListener] Client organization: 18f2d7c5trial#
#2026 09 10 00:21:36.140#Z#INFO#95691efe-acad-11f1-bceb-eeee0a8894dd.OPERATION#http-nio-0.0.0.0-8080-exec-4#
[XS2StartProcessListener] Process variables: {
  "keepFiles" : false,
  "skipAppDigestCalculation" : false,
  "abortOnError" : false,
  "mtaId" : "mycapapp",
  "noFailOnMissingPermissions" : false,
  "isSecurityEnabled" : false,
  "apiRequestPath" : "https://deploy-service.cf.us10-001.hana.ondemand.com/api/v1/spaces/e0b56b85-8b5c-4827-aaef-5eb4adf02e14/operations",
  "deleteServiceBrokers" : false,
  "appArchiveId" : "adfc7480-a76a-40ee-b210-ec1f38ed1054",
  "isDisposableUserProvidedServiceEnabled" : false,
  "deleteServiceKeys" : false,
  "noRestartSubscribedApps" : false,
  "noStart" : false,
  "deleteServices" : false
}#
#2026 09 10 00:21:36.610#Z#DEBUG#95691efe-acad-11f1-bceb-eeee0a8894dd.OPERATION#flowable-async-job-executor-thread-23584#
[ValidateDeployParametersStep] Executing task "validateParametersTask" of process "95691f24-acad-11f1-bceb-eeee0a8894dd"...#
#2026 09 10 00:21:36.610#Z#DEBUG#95691efe-acad-11f1-bceb-eeee0a8894dd.OPERATION#flowable-async-job-executor-thread-23584#
[ValidateDeployParametersStep] Validating parameters...#
#2026 09 10 00:21:36.613#Z#INFO#95691efe-acad-11f1-bceb-eeee0a8894dd.OPERATION#flowable-async-job-executor-thread-23584#
[ValidateDeployParametersStep] Size of mtars is 14,406,160 and size of extension descriptors is 0#
#2026 09 10 00:21:36.641#Z#INFO#95691efe-acad-11f1-bceb-eeee0a8894dd.OPERATION#flowable-async-job-executor-thread-23584#
[ValidateDeployParametersStep] Archive was not split! Total size in bytes: 14,406,160#
#2026 09 10 00:21:36.641#Z#INFO#95691efe-acad-11f1-bceb-eeee0a8894dd.OPERATION#flowable-async-job-executor-thread-23584#
[ValidateDeployParametersStep] Deploying in org "18f2d7c5trial" and space "dev"#
#2026 09 10 00:21:36.645#Z#DEBUG#95691efe-acad-11f1-bceb-eeee0a8894dd.OPERATION#flowable-async-job-executor-thread-23584#
[ValidateDeployParametersStep] Parameters validated#
#2026 09 10 00:21:36.645#Z#DEBUG#95691efe-acad-11f1-bceb-eeee0a8894dd.OPERATION#flowable-async-job-executor-thread-23584#
Step "Validate Parameters" finished#
#2026 09 10 00:21:36.674#Z#DEBUG#95691efe-acad-11f1-bceb-eeee0a8894dd.OPERATION#flowable-async-job-executor-thread-23585#
[DeleteRemainingFileParts] Executing task "deleteRemainingFileParts" of process "95691f24-acad-11f1-bceb-eeee0a8894dd"...#
#2026 09 10 00:21:36.674#Z#DEBUG#95691efe-acad-11f1-bceb-eeee0a8894dd.OPERATION#flowable-async-job-executor-thread-23585#
Step "Delete Remaining File Parts" finished#
#2026 09 10 00:21:36.701#Z#DEBUG#95691efe-acad-11f1-bceb-eeee0a8894dd.OPERATION#flowable-async-job-executor-thread-23586#
[XS2ProcessMtaArchiveStep] Executing task "processArchiveTask" of process "95691f24-acad-11f1-bceb-eeee0a8894dd"...#
#2026 09 10 00:21:36.702#Z#DEBUG#95691efe-acad-11f1-bceb-eeee0a8894dd.OPERATION#flowable-async-job-executor-thread-23586#
[XS2ProcessMtaArchiveStep] Processing MTA archive...#
#2026 09 10 00:21:36.702#Z#DEBUG#95691efe-acad-11f1-bceb-eeee0a8894dd.OPERATION#flowable-async-job-executor-thread-23586#
[XS2ProcessMtaArchiveStep] MTA Archive ID: adfc7480-a76a-40ee-b210-ec1f38ed1054#
#2026 09 10 00:21:36.927#Z#DEBUG#95691efe-acad-11f1-bceb-eeee0a8894dd.OPERATION#flowable-async-job-executor-thread-23586#
[XS2ProcessMtaArchiveStep] MTA Descriptor length: 1,922#
#2026 09 10 00:21:36.927#Z#DEBUG#95691efe-acad-11f1-bceb-eeee0a8894dd.OPERATION#flowable-async-job-executor-thread-23586#
[XS2ProcessMtaArchiveStep] MTA Archive Modules: [mycapapp-srv, mycapapp-ui, mycapapp-db-deployer]#
#2026 09 10 00:21:36.927#Z#DEBUG#95691efe-acad-11f1-bceb-eeee0a8894dd.OPERATION#flowable-async-job-executor-thread-23586#
[XS2ProcessMtaArchiveStep] MTA Archive Requires: []#
#2026 09 10 00:21:36.927#Z#DEBUG#95691efe-acad-11f1-bceb-eeee0a8894dd.OPERATION#flowable-async-job-executor-thread-23586#
[XS2ProcessMtaArchiveStep] MTA Archive Resources: [mycapapp-auth]#
#2026 09 10 00:21:36.934#Z#DEBUG#95691efe-acad-11f1-bceb-eeee0a8894dd.OPERATION#flowable-async-job-executor-thread-23586#
[XS2ProcessMtaArchiveStep] MTA archive processed#
#2026 09 10 00:21:36.934#Z#DEBUG#95691efe-acad-11f1-bceb-eeee0a8894dd.OPERATION#flowable-async-job-executor-thread-23586#
Step "Process Archive" finished#
#2026 09 10 00:21:36.966#Z#DEBUG#95691efe-acad-11f1-bceb-eeee0a8894dd.OPERATION#flowable-async-job-executor-thread-23587#
[ProcessMtaExtensionDescriptorsStep] Executing task "processExtensionDescriptorsTask" of process "95691f24-acad-11f1-bceb-eeee0a8894dd"...#
#2026 09 10 00:21:36.967#Z#DEBUG#95691efe-acad-11f1-bceb-eeee0a8894dd.OPERATION#flowable-async-job-executor-thread-23587#
[ProcessMtaExtensionDescriptorsStep] Processing MTA extension descriptors...#
#2026 09 10 00:21:36.967#Z#DEBUG#95691efe-acad-11f1-bceb-eeee0a8894dd.OPERATION#flowable-async-job-executor-thread-23587#
[ProcessMtaExtensionDescriptorsStep] Provided extension descriptors: [ ]#
#2026 09 10 00:21:36.967#Z#DEBUG#95691efe-acad-11f1-bceb-eeee0a8894dd.OPERATION#flowable-async-job-executor-thread-23587#
[ProcessMtaExtensionDescriptorsStep] No extension descriptors in use#
#2026 09 10 00:21:36.969#Z#DEBUG#95691efe-acad-11f1-bceb-eeee0a8894dd.OPERATION#flowable-async-job-executor-thread-23587#
[ProcessMtaExtensionDescriptorsStep] MTA extension descriptors processed#
#2026 09 10 00:21:36.969#Z#DEBUG#95691efe-acad-11f1-bceb-eeee0a8894dd.OPERATION#flowable-async-job-executor-thread-23587#
Step "Process Extension Descriptors" finished#
#2026 09 10 00:21:36.998#Z#DEBUG#95691efe-acad-11f1-bceb-eeee0a8894dd.OPERATION#flowable-async-job-executor-thread-23588#
[XS2DetectMtaSchemaVersionStep] Executing task "detectSchemaVersionTask" of process "95691f24-acad-11f1-bceb-eeee0a8894dd"...#
#2026 09 10 00:21:36.998#Z#DEBUG#95691efe-acad-11f1-bceb-eeee0a8894dd.OPERATION#flowable-async-job-executor-thread-23588#
[XS2DetectMtaSchemaVersionStep] Detecting MTA major schema version...#
#2026 09 10 00:21:36.999#Z#INFO#95691efe-acad-11f1-bceb-eeee0a8894dd.OPERATION#flowable-async-job-executor-thread-23588#
[XS2DetectMtaSchemaVersionStep] Detected MTA schema version: "3"#
#2026 09 10 00:21:37.004#Z#DEBUG#95691efe-acad-11f1-bceb-eeee0a8894dd.OPERATION#flowable-async-job-executor-thread-23588#
Step "Detect Schema Version" finished#
#2026 09 10 00:21:37.038#Z#DEBUG#95691efe-acad-11f1-bceb-eeee0a8894dd.OPERATION#flowable-async-job-executor-thread-23589#
[MergeDescriptorsStep] Executing task "mergeDescriptorsTask" of process "95691f24-acad-11f1-bceb-eeee0a8894dd"...#
#2026 09 10 00:21:37.039#Z#DEBUG#95691efe-acad-11f1-bceb-eeee0a8894dd.OPERATION#flowable-async-job-executor-thread-23589#
[MergeDescriptorsStep] Validating and merging descriptors...#
#2026 09 10 00:21:37.041#Z#DEBUG#95691efe-acad-11f1-bceb-eeee0a8894dd.OPERATION#flowable-async-job-executor-thread-23589#
[MergeDescriptorsStep] Merged deployment descriptor: {
  "majorSchemaVersion" : 3,
  "schemaVersion" : "3.3.0",
  "id" : "mycapapp",
  "version" : "1.0.0",
  "modules" : [ {
    "majorSchemaVersion" : 3,
    "name" : "mycapapp-ui",
    "type" : "javascript.nodejs",
    "path" : "mycapapp-ui",
    "properties" : { },
    "parameters" : {
      "buildpack" : "nodejs_buildpack",
      "instances" : 1
    },
    "requiredDependencies" : [ {
      "majorSchemaVersion" : 3,
      "name" : "********",
      "properties" : { },
      "parameters" : { },
      "propertiesMetadata" : {
        "metadata" : { }
      },
      "parametersMetadata" : {
        "metadata" : { }
      }
    }, {
      "majorSchemaVersion" : 3,
      "name" : "srv-api",
      "group" : "destinations",
      "properties" : {
        "name" : "srv-api",
        "forwardAuthToken" : "********",
        "strictSSL" : true,
        "url" : "~{srv-url}"
      },
      "parameters" : { },
      "propertiesMetadata" : {
        "metadata" : { }
      },
      "parametersMetadata" : {
        "metadata" : { }
      }
    } ],
    "providedDependencies" : [ {
      "majorSchemaVersion" : 3,
      "name" : "mycapapp-ui",
      "isPublic" : false,
      "properties" : { },
      "parameters" : { },
      "propertiesMetadata" : {
        "metadata" : { }
      },
      "parametersMetadata" : {
        "metadata" : { }
      }
    } ],
    "propertiesMetadata" : {
      "metadata" : { }
    },
    "parametersMetadata" : {
      "metadata" : { }
    },
    "hooks" : [ ]
  }, {
    "majorSchemaVersion" : 3,
    "name" : "mycapapp-srv",
    "type" : "javascript.nodejs",
    "path" : "mycapapp-srv",
    "properties" : { },
    "parameters" : {
      "buildpack" : "nodejs_buildpack",
      "instances" : 1
    },
    "requiredDependencies" : [ {
      "majorSchemaVersion" : 3,
      "name" : "********",
      "properties" : { },
      "parameters" : { },
      "propertiesMetadata" : {
        "metadata" : { }
      },
      "parametersMetadata" : {
        "metadata" : { }
      }
    }, {
      "majorSchemaVersion" : 3,
      "name" : "mycapapp-db",
      "properties" : { },
      "parameters" : { },
      "propertiesMetadata" : {
        "metadata" : { }
      },
      "parametersMetadata" : {
        "metadata" : { }
      }
    } ],
    "providedDependencies" : [ {
      "majorSchemaVersion" : 3,
      "name" : "srv-api",
      "isPublic" : false,
      "properties" : {
        "srv-url" : "${default-url}"
      },
      "parameters" : { },
      "propertiesMetadata" : {
        "metadata" : { }
      },
      "parametersMetadata" : {
        "metadata" : { }
      }
    }, {
      "majorSchemaVersion" : 3,
      "name" : "mycapapp-srv",
      "isPublic" : false,
      "properties" : { },
      "parameters" : { },
      "propertiesMetadata" : {
        "metadata" : { }
      },
      "parametersMetadata" : {
        "metadata" : { }
      }
    } ],
    "propertiesMetadata" : {
      "metadata" : { }
    },
    "parametersMetadata" : {
      "metadata" : { }
    },
    "hooks" : [ ]
  }, {
    "majorSchemaVersion" : 3,
    "name" : "mycapapp-db-deployer",
    "type" : "com.sap.xs.hdi",
    "path" : "mycapapp-db-deployer",
    "properties" : {
      "EXIT" : 1
    },
    "parameters" : {
      "memory" : "256M",
      "buildpack" : "nodejs_buildpack",
      "no-route" : true,
      "dependency-type" : "hard",
      "tasks" : [ {
        "name" : "deploy",
        "memory" : "256M",
        "command" : "npm start"
      } ],
      "no-start" : true
    },
    "requiredDependencies" : [ {
      "majorSchemaVersion" : 3,
      "name" : "mycapapp-db",
      "properties" : { },
      "parameters" : { },
      "propertiesMetadata" : {
        "metadata" : { }
      },
      "parametersMetadata" : {
        "metadata" : { }
      }
    } ],
    "providedDependencies" : [ {
      "majorSchemaVersion" : 3,
      "name" : "mycapapp-db-deployer",
      "isPublic" : false,
      "properties" : { },
      "parameters" : { },
      "propertiesMetadata" : {
        "metadata" : { }
      },
      "parametersMetadata" : {
        "metadata" : { }
      }
    } ],
    "propertiesMetadata" : {
      "metadata" : { }
    },
    "parametersMetadata" : {
      "metadata" : { }
    },
    "hooks" : [ ]
  } ],
  "resources" : [ {
    "majorSchemaVersion" : 3,
    "name" : "********",
    "type" : "org.cloudfoundry.managed-service",
    "properties" : { },
    "parameters" : {
      "path" : "./xs-security.json",
      "service-plan" : "application",
      "type" : "managed-service",
      "config" : {
        "oauth2-configuration" : "********",
        "role-collections" : [ {
          "description" : "generated",
          "name" : "Viewer (mycapapp ${org}-${space})",
          "role-template-references" : [ "$XSAPPNAME.Viewer" ]
        }, {
          "description" : "generated",
          "name" : "Editor (mycapapp ${org}-${space})",
          "role-template-references" : [ "$XSAPPNAME.Editor" ]
        }, {
          "description" : "generated",
          "name" : "********",
          "role-template-references" : [ "********" ]
        } ],
        "tenant-mode" : "dedicated",
        "xsappname" : "mycapapp-${org}-${space}"
      },
      "service" : "xsuaa"
    },
    "isActive" : true,
    "isOptional" : false,
    "propertiesMetadata" : {
      "metadata" : { }
    },
    "parametersMetadata" : {
      "metadata" : { }
    },
    "requiredDependencies" : [ ],
    "processedAfter" : [ ]
  }, {
    "majorSchemaVersion" : 3,
    "name" : "mycapapp-db",
    "type" : "com.sap.xs.hdi-container",
    "properties" : { },
    "parameters" : {
      "type" : "managed-service",
      "service" : "hana",
      "service-plan" : "hdi-shared"
    },
    "isActive" : true,
    "isOptional" : false,
    "propertiesMetadata" : {
      "metadata" : { }
    },
    "parametersMetadata" : {
      "metadata" : { }
    },
    "requiredDependencies" : [ ],
    "processedAfter" : [ ]
  } ],
  "parameters" : {
    "enable-parallel-deployments" : true
  },
  "parametersMetadata" : {
    "metadata" : { }
  }
}#
#2026 09 10 00:21:37.042#Z#DEBUG#95691efe-acad-11f1-bceb-eeee0a8894dd.OPERATION#flowable-async-job-executor-thread-23589#
[MergeDescriptorsStep] Descriptors validated and merged#
#2026 09 10 00:21:37.042#Z#DEBUG#95691efe-acad-11f1-bceb-eeee0a8894dd.OPERATION#flowable-async-job-executor-thread-23589#
Step "Merge Descriptors" finished#
#2026 09 10 00:21:37.075#Z#DEBUG#95691efe-acad-11f1-bceb-eeee0a8894dd.OPERATION#flowable-async-job-executor-thread-23590#
[CollectCloudLoggingServiceParametersStep] Executing task "sid-9C5714DF-CEC8-4019-8873-CBBA99AC459A" of process "95691f24-acad-11f1-bceb-eeee0a8894dd"...#
#2026 09 10 00:21:37.079#Z#DEBUG#95691efe-acad-11f1-bceb-eeee0a8894dd.OPERATION#flowable-async-job-executor-thread-23590#
Step "Collect Cloud Logging Service Parameters" finished#
#2026 09 10 00:21:37.106#Z#DEBUG#95691efe-acad-11f1-bceb-eeee0a8894dd.OPERATION#flowable-async-job-executor-thread-23591#
[DetectDeployedMtaStep] Executing task "detectDeployedMtaTask" of process "95691f24-acad-11f1-bceb-eeee0a8894dd"...#
#2026 09 10 00:21:37.107#Z#DEBUG#95691efe-acad-11f1-bceb-eeee0a8894dd.OPERATION#flowable-async-job-executor-thread-23591#
[DetectDeployedMtaStep] Detecting deployed MTA...#
#2026 09 10 00:21:37.108#Z#DEBUG#95691efe-acad-11f1-bceb-eeee0a8894dd.OPERATION#flowable-async-job-executor-thread-23591#
[DetectDeployedMtaStep] Detecting MTA by id mycapapp and namespace null#
#2026 09 10 00:21:37.108#Z#DEBUG#95691efe-acad-11f1-bceb-eeee0a8894dd.OPERATION#flowable-async-job-executor-thread-23591#
[DetectDeployedMtaStep] Getting applications by metadata label selector "mta_id=8dddd39a7d59d9fa7a483d6583e9c929,!mta_namespace"...#
#2026 09 10 00:21:37.138#Z#DEBUG#95691efe-acad-11f1-bceb-eeee0a8894dd.OPERATION#flowable-async-job-executor-thread-23591#
[DetectDeployedMtaStep] Getting service instances by metadata label selector "mta_id=8dddd39a7d59d9fa7a483d6583e9c929,!mta_namespace"...#
#2026 09 10 00:21:37.285#Z#DEBUG#95691efe-acad-11f1-bceb-eeee0a8894dd.OPERATION#flowable-async-job-executor-thread-23591#
[DetectDeployedMtaStep] Deployed MTA: {
  "metadata" : {
    "id" : "mycapapp",
    "version" : "1.0.0"
  },
  "applications" : [ {
    "name" : "mycapapp-srv",
    "metadata" : {
      "guid" : "3005b015-2937-4589-811f-cd9a45fbef58",
      "createdAt" : [ 2026, 9, 9, 20, 13, 35 ],
      "updatedAt" : [ 2026, 9, 10, 0, 11, 51 ]
    },
    "v3Metadata" : {
      "annotations" : {
        "mta_id" : "mycapapp",
        "mta_version" : "1.0.0",
        "mta_module" : "{\"name\":\"mycapapp-srv\"}",
        "mta_module_provided_dependencies" : "[]",
        "mta_bound_services" : "********"
      },
      "labels" : {
        "mta_id" : "8dddd39a7d59d9fa7a483d6583e9c929"
      }
    },
    "state" : "STARTED",
    "lifecycle" : {
      "type" : "BUILDPACK",
      "data" : {
        "stack" : "cflinuxfs4",
        "buildpacks" : [ "nodejs_buildpack" ]
      }
    },
    "space" : {
      "name" : "dev",
      "metadata" : {
        "guid" : "e0b56b85-8b5c-4827-aaef-5eb4adf02e14",
        "createdAt" : [ 2026, 9, 3, 22, 5, 5 ],
        "updatedAt" : [ 2026, 9, 3, 22, 5, 5 ]
      },
      "organization" : {
        "name" : "18f2d7c5trial",
        "metadata" : {
          "guid" : "8dcffcde-077b-4676-b7c4-6202b5503e6c",
          "createdAt" : [ 2026, 9, 3, 22, 5, 3 ],
          "updatedAt" : [ 2026, 9, 3, 22, 5, 5 ]
        }
      }
    },
    "moduleName" : "mycapapp-srv",
    "boundMtaServices" : [ "********", "mycapapp-db" ],
    "providedDependencyNames" : [ ],
    "productizationState" : "LIVE"
  }, {
    "name" : "mycapapp-db-deployer",
    "metadata" : {
      "guid" : "9afe1bf4-9318-440c-b151-eb65edfe64d9",
      "createdAt" : [ 2026, 9, 9, 20, 13, 37 ],
      "updatedAt" : [ 2026, 9, 10, 0, 11, 41 ]
    },
    "v3Metadata" : {
      "annotations" : {
        "mta_id" : "mycapapp",
        "mta_version" : "1.0.0",
        "mta_module" : "{\"name\":\"mycapapp-db-deployer\"}",
        "mta_module_provided_dependencies" : "[]",
        "mta_bound_services" : "[\"mycapapp-db\"]"
      },
      "labels" : {
        "mta_id" : "8dddd39a7d59d9fa7a483d6583e9c929"
      }
    },
    "state" : "STOPPED",
    "lifecycle" : {
      "type" : "BUILDPACK",
      "data" : {
        "stack" : "cflinuxfs4",
        "buildpacks" : [ "nodejs_buildpack" ]
      }
    },
    "space" : {
      "name" : "dev",
      "metadata" : {
        "guid" : "e0b56b85-8b5c-4827-aaef-5eb4adf02e14",
        "createdAt" : [ 2026, 9, 3, 22, 5, 5 ],
        "updatedAt" : [ 2026, 9, 3, 22, 5, 5 ]
      },
      "organization" : {
        "name" : "18f2d7c5trial",
        "metadata" : {
          "guid" : "8dcffcde-077b-4676-b7c4-6202b5503e6c",
          "createdAt" : [ 2026, 9, 3, 22, 5, 3 ],
          "updatedAt" : [ 2026, 9, 3, 22, 5, 5 ]
        }
      }
    },
    "moduleName" : "mycapapp-db-deployer",
    "boundMtaServices" : [ "mycapapp-db" ],
    "providedDependencyNames" : [ ],
    "productizationState" : "LIVE"
  }, {
    "name" : "mycapapp-ui",
    "metadata" : {
      "guid" : "546cc3e8-ed02-46f9-8d9e-b4a654b2f96c",
      "createdAt" : [ 2026, 9, 10, 0, 4, 53 ],
      "updatedAt" : [ 2026, 9, 10, 0, 12, 1 ]
    },
    "v3Metadata" : {
      "annotations" : {
        "mta_id" : "mycapapp",
        "mta_version" : "1.0.0",
        "mta_module" : "{\"name\":\"mycapapp-ui\"}",
        "mta_module_provided_dependencies" : "[]",
        "mta_bound_services" : "********"
      },
      "labels" : {
        "mta_id" : "8dddd39a7d59d9fa7a483d6583e9c929"
      }
    },
    "state" : "STARTED",
    "lifecycle" : {
      "type" : "BUILDPACK",
      "data" : {
        "stack" : "cflinuxfs4",
        "buildpacks" : [ "nodejs_buildpack" ]
      }
    },
    "space" : {
      "name" : "dev",
      "metadata" : {
        "guid" : "e0b56b85-8b5c-4827-aaef-5eb4adf02e14",
        "createdAt" : [ 2026, 9, 3, 22, 5, 5 ],
        "updatedAt" : [ 2026, 9, 3, 22, 5, 5 ]
      },
      "organization" : {
        "name" : "18f2d7c5trial",
        "metadata" : {
          "guid" : "8dcffcde-077b-4676-b7c4-6202b5503e6c",
          "createdAt" : [ 2026, 9, 3, 22, 5, 3 ],
          "updatedAt" : [ 2026, 9, 3, 22, 5, 5 ]
        }
      }
    },
    "moduleName" : "mycapapp-ui",
    "boundMtaServices" : [ "********" ],
    "providedDependencyNames" : [ ],
    "productizationState" : "LIVE"
  } ],
  "services" : [ {
    "name" : "mycapapp-db",
    "metadata" : {
      "guid" : "cddbf880-0000-4bf2-9250-66f67538c4f3",
      "createdAt" : [ 2026, 9, 9, 20, 13, 19 ],
      "updatedAt" : [ 2026, 9, 9, 20, 13, 19 ]
    },
    "v3Metadata" : {
      "annotations" : {
        "mta_id" : "mycapapp",
        "mta_version" : "1.0.0",
        "mta_resource" : "{\"name\":\"mycapapp-db\"}"
      },
      "labels" : {
        "mta_id" : "8dddd39a7d59d9fa7a483d6583e9c929"
      }
    },
    "label" : "hana",
    "plan" : "hdi-shared",
    "credentials" : "********",
    "tags" : [ ],
    "type" : "managed",
    "lastOperation" : {
      "type" : "CREATE",
      "state" : "SUCCEEDED"
    },
    "resourceName" : "mycapapp-db"
  }, {
    "name" : "********",
    "metadata" : {
      "guid" : "1d0dc059-21e3-4b61-bbb0-fae379628114",
      "createdAt" : [ 2026, 9, 9, 20, 13, 18 ],
      "updatedAt" : [ 2026, 9, 9, 20, 13, 19 ]
    },
    "v3Metadata" : {
      "annotations" : {
        "mta_id" : "mycapapp",
        "mta_version" : "1.0.0",
        "mta_resource" : "********"
      },
      "labels" : {
        "mta_id" : "8dddd39a7d59d9fa7a483d6583e9c929"
      }
    },
    "label" : "xsuaa",
    "plan" : "application",
    "credentials" : "********",
    "tags" : [ ],
    "type" : "managed",
    "lastOperation" : {
      "type" : "UPDATE",
      "description" : "",
      "state" : "SUCCEEDED"
    },
    "resourceName" : "********"
  } ]
}#
#2026 09 10 00:21:37.286#Z#INFO#95691efe-acad-11f1-bceb-eeee0a8894dd.OPERATION#flowable-async-job-executor-thread-23591#
[DetectDeployedMtaStep] Detected deployed MTA with ID "mycapapp" and version "1.0.0"#
#2026 09 10 00:21:37.292#Z#DEBUG#95691efe-acad-11f1-bceb-eeee0a8894dd.OPERATION#flowable-async-job-executor-thread-23591#
[DetectDeployedMtaStep] Detecting backup mta by id "mycapapp" and namespace "null"#
#2026 09 10 00:21:37.292#Z#DEBUG#95691efe-acad-11f1-bceb-eeee0a8894dd.OPERATION#flowable-async-job-executor-thread-23591#
[DetectDeployedMtaStep] Getting applications by metadata label selector "mta_id=8dddd39a7d59d9fa7a483d6583e9c929,mta_namespace=b698114a0995e936895b9598a6c19a2c"...#
#2026 09 10 00:21:37.318#Z#DEBUG#95691efe-acad-11f1-bceb-eeee0a8894dd.OPERATION#flowable-async-job-executor-thread-23591#
[DetectDeployedMtaStep] Getting service instances by metadata label selector "mta_id=8dddd39a7d59d9fa7a483d6583e9c929,mta_namespace=b698114a0995e936895b9598a6c19a2c"...#
#2026 09 10 00:21:37.382#Z#DEBUG#95691efe-acad-11f1-bceb-eeee0a8894dd.OPERATION#flowable-async-job-executor-thread-23591#
[DetectDeployedMtaStep] Deployed MTA service keys: [ ]#
#2026 09 10 00:21:37.382#Z#DEBUG#95691efe-acad-11f1-bceb-eeee0a8894dd.OPERATION#flowable-async-job-executor-thread-23591#
Step "Detect Deployed MTA" finished#
#2026 09 10 00:21:37.410#Z#DEBUG#95691efe-acad-11f1-bceb-eeee0a8894dd.OPERATION#flowable-async-job-executor-thread-23591#
[XS2CollectSystemParametersStep] Executing task "collectSystemParametersTask" of process "95691f24-acad-11f1-bceb-eeee0a8894dd"...#
#2026 09 10 00:21:37.410#Z#DEBUG#95691efe-acad-11f1-bceb-eeee0a8894dd.OPERATION#flowable-async-job-executor-thread-23591#
[XS2CollectSystemParametersStep] Collecting system parameters...#
#2026 09 10 00:21:37.411#Z#DEBUG#95691efe-acad-11f1-bceb-eeee0a8894dd.OPERATION#flowable-async-job-executor-thread-23591#
[XS2CollectSystemParametersStep] Getting default domain...#
#2026 09 10 00:21:37.436#Z#DEBUG#95691efe-acad-11f1-bceb-eeee0a8894dd.OPERATION#flowable-async-job-executor-thread-23591#
[XS2CollectSystemParametersStep] Default domain: cfapps.us10-001.hana.ondemand.com#
#2026 09 10 00:21:37.437#Z#DEBUG#95691efe-acad-11f1-bceb-eeee0a8894dd.OPERATION#flowable-async-job-executor-thread-23591#
[XS2CollectSystemParametersStep] Checking for overwriting read-only parameters for mta with id: "mycapapp"#
#2026 09 10 00:21:37.437#Z#DEBUG#95691efe-acad-11f1-bceb-eeee0a8894dd.OPERATION#flowable-async-job-executor-thread-23591#
[XS2CollectSystemParametersStep] No read-only parameters are overwritten#
#2026 09 10 00:21:37.451#Z#DEBUG#95691efe-acad-11f1-bceb-eeee0a8894dd.OPERATION#flowable-async-job-executor-thread-23591#
[XS2CollectSystemParametersStep] Descriptor with system parameters: {
  "majorSchemaVersion" : 3,
  "schemaVersion" : "3.3.0",
  "id" : "mycapapp",
  "version" : "1.0.0",
  "modules" : [ {
    "majorSchemaVersion" : 3,
    "name" : "mycapapp-ui",
    "type" : "javascript.nodejs",
    "path" : "mycapapp-ui",
    "properties" : { },
    "parameters" : {
      "default-url" : "${protocol}://${default-uri}",
      "default-app-name" : "mycapapp-ui",
      "generated-password" : "********",
      "default-live-url" : "${protocol}://${default-live-uri}",
      "default-uri" : "${host}.${domain}",
      "default-instances" : 1,
      "default-live-host" : "18f2d7c5trial-dev-mycapapp-ui",
      "instances" : 1,
      "buildpack" : "nodejs_buildpack",
      "default-host" : "18f2d7c5trial-dev-mycapapp-ui",
      "app-name" : "${default-app-name}",
      "default-live-uri" : "18f2d7c5trial-dev-mycapapp-ui.${domain}",
      "protocol" : "https",
      "default-live-app-name" : "mycapapp-ui",
      "default-live-domain" : "cfapps.us10-001.hana.ondemand.com",
      "domain" : "${default-domain}",
      "host" : "${default-host}",
      "generated-user" : "********"
    },
    "requiredDependencies" : [ {
      "majorSchemaVersion" : 3,
      "name" : "********",
      "properties" : { },
      "parameters" : { },
      "propertiesMetadata" : {
        "metadata" : { }
      },
      "parametersMetadata" : {
        "metadata" : { }
      }
    }, {
      "majorSchemaVersion" : 3,
      "name" : "srv-api",
      "group" : "destinations",
      "properties" : {
        "name" : "srv-api",
        "forwardAuthToken" : "********",
        "strictSSL" : true,
        "url" : "~{srv-url}"
      },
      "parameters" : { },
      "propertiesMetadata" : {
        "metadata" : { }
      },
      "parametersMetadata" : {
        "metadata" : { }
      }
    } ],
    "providedDependencies" : [ {
      "majorSchemaVersion" : 3,
      "name" : "mycapapp-ui",
      "isPublic" : false,
      "properties" : { },
      "parameters" : { },
      "propertiesMetadata" : {
        "metadata" : { }
      },
      "parametersMetadata" : {
        "metadata" : { }
      }
    } ],
    "propertiesMetadata" : {
      "metadata" : { }
    },
    "parametersMetadata" : {
      "metadata" : { }
    },
    "hooks" : [ ]
  }, {
    "majorSchemaVersion" : 3,
    "name" : "mycapapp-srv",
    "type" : "javascript.nodejs",
    "path" : "mycapapp-srv",
    "properties" : { },
    "parameters" : {
      "default-url" : "${protocol}://${default-uri}",
      "default-app-name" : "mycapapp-srv",
      "generated-password" : "********",
      "default-live-url" : "${protocol}://${default-live-uri}",
      "default-uri" : "${host}.${domain}",
      "default-instances" : 1,
      "default-live-host" : "18f2d7c5trial-dev-mycapapp-srv",
      "instances" : 1,
      "buildpack" : "nodejs_buildpack",
      "default-host" : "18f2d7c5trial-dev-mycapapp-srv",
      "app-name" : "${default-app-name}",
      "default-live-uri" : "18f2d7c5trial-dev-mycapapp-srv.${domain}",
      "protocol" : "https",
      "default-live-app-name" : "mycapapp-srv",
      "default-live-domain" : "cfapps.us10-001.hana.ondemand.com",
      "domain" : "${default-domain}",
      "host" : "${default-host}",
      "generated-user" : "********"
    },
    "requiredDependencies" : [ {
      "majorSchemaVersion" : 3,
      "name" : "********",
      "properties" : { },
      "parameters" : { },
      "propertiesMetadata" : {
        "metadata" : { }
      },
      "parametersMetadata" : {
        "metadata" : { }
      }
    }, {
      "majorSchemaVersion" : 3,
      "name" : "mycapapp-db",
      "properties" : { },
      "parameters" : { },
      "propertiesMetadata" : {
        "metadata" : { }
      },
      "parametersMetadata" : {
        "metadata" : { }
      }
    } ],
    "providedDependencies" : [ {
      "majorSchemaVersion" : 3,
      "name" : "srv-api",
      "isPublic" : false,
      "properties" : {
        "srv-url" : "${default-url}"
      },
      "parameters" : { },
      "propertiesMetadata" : {
        "metadata" : { }
      },
      "parametersMetadata" : {
        "metadata" : { }
      }
    }, {
      "majorSchemaVersion" : 3,
      "name" : "mycapapp-srv",
      "isPublic" : false,
      "properties" : { },
      "parameters" : { },
      "propertiesMetadata" : {
        "metadata" : { }
      },
      "parametersMetadata" : {
        "metadata" : { }
      }
    } ],
    "propertiesMetadata" : {
      "metadata" : { }
    },
    "parametersMetadata" : {
      "metadata" : { }
    },
    "hooks" : [ ]
  }, {
    "majorSchemaVersion" : 3,
    "name" : "mycapapp-db-deployer",
    "type" : "com.sap.xs.hdi",
    "path" : "mycapapp-db-deployer",
    "properties" : {
      "EXIT" : 1
    },
    "parameters" : {
      "default-url" : "${protocol}://${default-uri}",
      "default-app-name" : "mycapapp-db-deployer",
      "generated-password" : "********",
      "default-live-url" : "${protocol}://${default-live-uri}",
      "default-uri" : "${host}.${domain}",
      "memory" : "256M",
      "default-instances" : 1,
      "no-route" : true,
      "default-live-host" : "18f2d7c5trial-dev-mycapapp-db-deployer",
      "instances" : "${default-instances}",
      "buildpack" : "nodejs_buildpack",
      "default-host" : "18f2d7c5trial-dev-mycapapp-db-deployer",
      "app-name" : "${default-app-name}",
      "default-live-uri" : "18f2d7c5trial-dev-mycapapp-db-deployer.${domain}",
      "protocol" : "https",
      "default-live-app-name" : "mycapapp-db-deployer",
      "default-live-domain" : "cfapps.us10-001.hana.ondemand.com",
      "dependency-type" : "hard",
      "domain" : "${default-domain}",
      "host" : "${default-host}",
      "generated-user" : "********",
      "tasks" : [ {
        "name" : "deploy",
        "memory" : "256M",
        "command" : "npm start"
      } ],
      "no-start" : true
    },
    "requiredDependencies" : [ {
      "majorSchemaVersion" : 3,
      "name" : "mycapapp-db",
      "properties" : { },
      "parameters" : { },
      "propertiesMetadata" : {
        "metadata" : { }
      },
      "parametersMetadata" : {
        "metadata" : { }
      }
    } ],
    "providedDependencies" : [ {
      "majorSchemaVersion" : 3,
      "name" : "mycapapp-db-deployer",
      "isPublic" : false,
      "properties" : { },
      "parameters" : { },
      "propertiesMetadata" : {
        "metadata" : { }
      },
      "parametersMetadata" : {
        "metadata" : { }
      }
    } ],
    "propertiesMetadata" : {
      "metadata" : { }
    },
    "parametersMetadata" : {
      "metadata" : { }
    },
    "hooks" : [ ]
  } ],
  "resources" : [ {
    "majorSchemaVersion" : 3,
    "name" : "********",
    "type" : "org.cloudfoundry.managed-service",
    "properties" : { },
    "parameters" : {
      "generated-password" : "********",
      "path" : "./xs-security.json",
      "service-name" : "${default-service-name}",
      "service-plan" : "application",
      "service" : "xsuaa",
      "generated-user" : "********",
      "default-xsappname" : "********",
      "type" : "managed-service",
      "config" : {
        "oauth2-configuration" : "********",
        "role-collections" : [ {
          "description" : "generated",
          "name" : "Viewer (mycapapp ${org}-${space})",
          "role-template-references" : [ "$XSAPPNAME.Viewer" ]
        }, {
          "description" : "generated",
          "name" : "Editor (mycapapp ${org}-${space})",
          "role-template-references" : [ "$XSAPPNAME.Editor" ]
        }, {
          "description" : "generated",
          "name" : "********",
          "role-template-references" : [ "********" ]
        } ],
        "tenant-mode" : "dedicated",
        "xsappname" : "mycapapp-${org}-${space}"
      },
      "default-service-name" : "********",
      "default-container-name" : "********"
    },
    "isActive" : true,
    "isOptional" : false,
    "propertiesMetadata" : {
      "metadata" : { }
    },
    "parametersMetadata" : {
      "metadata" : { }
    },
    "requiredDependencies" : [ ],
    "processedAfter" : [ ]
  }, {
    "majorSchemaVersion" : 3,
    "name" : "mycapapp-db",
    "type" : "com.sap.xs.hdi-container",
    "properties" : { },
    "parameters" : {
      "generated-password" : "********",
      "service-name" : "${default-service-name}",
      "service-plan" : "hdi-shared",
      "service" : "hana",
      "generated-user" : "********",
      "default-xsappname" : "mycapapp-db",
      "type" : "managed-service",
      "default-service-name" : "mycapapp-db",
      "default-container-name" : "18F2D7C5TRIAL_DEV_MYCAPAPP_DB"
    },
    "isActive" : true,
    "isOptional" : false,
    "propertiesMetadata" : {
      "metadata" : { }
    },
    "parametersMetadata" : {
      "metadata" : { }
    },
    "requiredDependencies" : [ ],
    "processedAfter" : [ ]
  } ],
  "parameters" : {
    "mta-id" : "mycapapp",
    "authorization-url" : "********",
    "org-guid" : "8dcffcde-077b-4676-b7c4-6202b5503e6c",
    "org" : "18f2d7c5trial",
    "deploy-target" : "18f2d7c5trial dev",
    "enable-parallel-deployments" : true,
    "space" : "dev",
    "xs-api-url" : "https://api.cf.us10-001.hana.ondemand.com",
    "deploy-url" : "deploy-service.cfapps.us10-001.hana.ondemand.com",
    "xs-type" : "CF",
    "default-domain" : "cfapps.us10-001.hana.ondemand.com",
    "mta-version" : "1.0.0",
    "xs-auth-url" : "********",
    "space-guid" : "e0b56b85-8b5c-4827-aaef-5eb4adf02e14",
    "user" : "********",
    "controller-url" : "https://api.cf.us10-001.hana.ondemand.com",
    "timestamp" : "20260910002136"
  },
  "parametersMetadata" : {
    "metadata" : { }
  }
}#
#2026 09 10 00:21:37.452#Z#DEBUG#95691efe-acad-11f1-bceb-eeee0a8894dd.OPERATION#flowable-async-job-executor-thread-23591#
[XS2CollectSystemParametersStep] Version rule: SAME_HIGHER#
#2026 09 10 00:21:37.452#Z#INFO#95691efe-acad-11f1-bceb-eeee0a8894dd.OPERATION#flowable-async-job-executor-thread-23591#
[XS2CollectSystemParametersStep] Detected new MTA version: "1.0.0"#
#2026 09 10 00:21:37.457#Z#INFO#95691efe-acad-11f1-bceb-eeee0a8894dd.OPERATION#flowable-async-job-executor-thread-23591#
[XS2CollectSystemParametersStep] Deployed MTA version: "1.0.0"#
#2026 09 10 00:21:37.460#Z#DEBUG#95691efe-acad-11f1-bceb-eeee0a8894dd.OPERATION#flowable-async-job-executor-thread-23591#
[XS2CollectSystemParametersStep] MTA accepted for deployment#
#2026 09 10 00:21:37.461#Z#DEBUG#95691efe-acad-11f1-bceb-eeee0a8894dd.OPERATION#flowable-async-job-executor-thread-23591#
[XS2CollectSystemParametersStep] System parameters collected#
#2026 09 10 00:21:37.461#Z#DEBUG#95691efe-acad-11f1-bceb-eeee0a8894dd.OPERATION#flowable-async-job-executor-thread-23591#
Step "Collect System Parameters" finished#
#2026 09 10 00:21:37.491#Z#DEBUG#95691efe-acad-11f1-bceb-eeee0a8894dd.OPERATION#flowable-async-job-executor-thread-23585#
[ProcessDescriptorStep] Executing task "processDescriptorTask" of process "95691f24-acad-11f1-bceb-eeee0a8894dd"...#
#2026 09 10 00:21:37.491#Z#DEBUG#95691efe-acad-11f1-bceb-eeee0a8894dd.OPERATION#flowable-async-job-executor-thread-23585#
[ProcessDescriptorStep] Resolving properties and parameters in merged descriptor...#
#2026 09 10 00:21:37.494#Z#DEBUG#95691efe-acad-11f1-bceb-eeee0a8894dd.OPERATION#flowable-async-job-executor-thread-23585#
[ProcessDescriptorStep] Subscriptions: [ ]#
#2026 09 10 00:21:37.494#Z#DEBUG#95691efe-acad-11f1-bceb-eeee0a8894dd.OPERATION#flowable-async-job-executor-thread-23585#
[ProcessDescriptorStep] MTA modules: [mycapapp-srv, mycapapp-ui, mycapapp-db-deployer]#
#2026 09 10 00:21:37.495#Z#DEBUG#95691efe-acad-11f1-bceb-eeee0a8894dd.OPERATION#flowable-async-job-executor-thread-23585#
[ProcessDescriptorStep] Resolved deployment descriptor: {
  "majorSchemaVersion" : 3,
  "schemaVersion" : "3.3.0",
  "id" : "mycapapp",
  "version" : "1.0.0",
  "modules" : [ {
    "majorSchemaVersion" : 3,
    "name" : "mycapapp-ui",
    "type" : "javascript.nodejs",
    "path" : "mycapapp-ui",
    "properties" : { },
    "parameters" : {
      "default-url" : "https://18f2d7c5trial-dev-mycapapp-ui.cfapps.us10-001.hana.ondemand.com",
      "default-app-name" : "mycapapp-ui",
      "generated-password" : "********",
      "default-live-url" : "https://18f2d7c5trial-dev-mycapapp-ui.cfapps.us10-001.hana.ondemand.com",
      "default-uri" : "18f2d7c5trial-dev-mycapapp-ui.cfapps.us10-001.hana.ondemand.com",
      "default-instances" : 1,
      "default-live-host" : "18f2d7c5trial-dev-mycapapp-ui",
      "instances" : 1,
      "buildpack" : "nodejs_buildpack",
      "default-host" : "18f2d7c5trial-dev-mycapapp-ui",
      "app-name" : "mycapapp-ui",
      "default-live-uri" : "18f2d7c5trial-dev-mycapapp-ui.cfapps.us10-001.hana.ondemand.com",
      "protocol" : "https",
      "default-live-app-name" : "mycapapp-ui",
      "default-live-domain" : "cfapps.us10-001.hana.ondemand.com",
      "domain" : "cfapps.us10-001.hana.ondemand.com",
      "host" : "18f2d7c5trial-dev-mycapapp-ui",
      "generated-user" : "********"
    },
    "requiredDependencies" : [ {
      "majorSchemaVersion" : 3,
      "name" : "********",
      "properties" : { },
      "parameters" : { },
      "propertiesMetadata" : {
        "metadata" : { }
      },
      "parametersMetadata" : {
        "metadata" : { }
      }
    }, {
      "majorSchemaVersion" : 3,
      "name" : "srv-api",
      "group" : "destinations",
      "properties" : {
        "name" : "srv-api",
        "forwardAuthToken" : "********",
        "strictSSL" : true,
        "url" : "https://18f2d7c5trial-dev-mycapapp-srv.cfapps.us10-001.hana.ondemand.com"
      },
      "parameters" : { },
      "propertiesMetadata" : {
        "metadata" : { }
      },
      "parametersMetadata" : {
        "metadata" : { }
      }
    } ],
    "providedDependencies" : [ {
      "majorSchemaVersion" : 3,
      "name" : "mycapapp-ui",
      "isPublic" : false,
      "properties" : { },
      "parameters" : { },
      "propertiesMetadata" : {
        "metadata" : { }
      },
      "parametersMetadata" : {
        "metadata" : { }
      }
    } ],
    "propertiesMetadata" : {
      "metadata" : { }
    },
    "parametersMetadata" : {
      "metadata" : { }
    },
    "hooks" : [ ]
  }, {
    "majorSchemaVersion" : 3,
    "name" : "mycapapp-srv",
    "type" : "javascript.nodejs",
    "path" : "mycapapp-srv",
    "properties" : { },
    "parameters" : {
      "default-url" : "https://18f2d7c5trial-dev-mycapapp-srv.cfapps.us10-001.hana.ondemand.com",
      "default-app-name" : "mycapapp-srv",
      "generated-password" : "********",
      "default-live-url" : "https://18f2d7c5trial-dev-mycapapp-srv.cfapps.us10-001.hana.ondemand.com",
      "default-uri" : "18f2d7c5trial-dev-mycapapp-srv.cfapps.us10-001.hana.ondemand.com",
      "default-instances" : 1,
      "default-live-host" : "18f2d7c5trial-dev-mycapapp-srv",
      "instances" : 1,
      "buildpack" : "nodejs_buildpack",
      "default-host" : "18f2d7c5trial-dev-mycapapp-srv",
      "app-name" : "mycapapp-srv",
      "default-live-uri" : "18f2d7c5trial-dev-mycapapp-srv.cfapps.us10-001.hana.ondemand.com",
      "protocol" : "https",
      "default-live-app-name" : "mycapapp-srv",
      "default-live-domain" : "cfapps.us10-001.hana.ondemand.com",
      "domain" : "cfapps.us10-001.hana.ondemand.com",
      "host" : "18f2d7c5trial-dev-mycapapp-srv",
      "generated-user" : "********"
    },
    "requiredDependencies" : [ {
      "majorSchemaVersion" : 3,
      "name" : "********",
      "properties" : { },
      "parameters" : { },
      "propertiesMetadata" : {
        "metadata" : { }
      },
      "parametersMetadata" : {
        "metadata" : { }
      }
    }, {
      "majorSchemaVersion" : 3,
      "name" : "mycapapp-db",
      "properties" : { },
      "parameters" : { },
      "propertiesMetadata" : {
        "metadata" : { }
      },
      "parametersMetadata" : {
        "metadata" : { }
      }
    } ],
    "providedDependencies" : [ {
      "majorSchemaVersion" : 3,
      "name" : "srv-api",
      "isPublic" : false,
      "properties" : {
        "srv-url" : "https://18f2d7c5trial-dev-mycapapp-srv.cfapps.us10-001.hana.ondemand.com"
      },
      "parameters" : { },
      "propertiesMetadata" : {
        "metadata" : { }
      },
      "parametersMetadata" : {
        "metadata" : { }
      }
    }, {
      "majorSchemaVersion" : 3,
      "name" : "mycapapp-srv",
      "isPublic" : false,
      "properties" : { },
      "parameters" : { },
      "propertiesMetadata" : {
        "metadata" : { }
      },
      "parametersMetadata" : {
        "metadata" : { }
      }
    } ],
    "propertiesMetadata" : {
      "metadata" : { }
    },
    "parametersMetadata" : {
      "metadata" : { }
    },
    "hooks" : [ ]
  }, {
    "majorSchemaVersion" : 3,
    "name" : "mycapapp-db-deployer",
    "type" : "com.sap.xs.hdi",
    "path" : "mycapapp-db-deployer",
    "properties" : {
      "EXIT" : 1
    },
    "parameters" : {
      "default-url" : "https://18f2d7c5trial-dev-mycapapp-db-deployer.cfapps.us10-001.hana.ondemand.com",
      "default-app-name" : "mycapapp-db-deployer",
      "generated-password" : "********",
      "default-live-url" : "https://18f2d7c5trial-dev-mycapapp-db-deployer.cfapps.us10-001.hana.ondemand.com",
      "default-uri" : "18f2d7c5trial-dev-mycapapp-db-deployer.cfapps.us10-001.hana.ondemand.com",
      "memory" : "256M",
      "default-instances" : 1,
      "no-route" : true,
      "default-live-host" : "18f2d7c5trial-dev-mycapapp-db-deployer",
      "instances" : 1,
      "buildpack" : "nodejs_buildpack",
      "default-host" : "18f2d7c5trial-dev-mycapapp-db-deployer",
      "app-name" : "mycapapp-db-deployer",
      "default-live-uri" : "18f2d7c5trial-dev-mycapapp-db-deployer.cfapps.us10-001.hana.ondemand.com",
      "protocol" : "https",
      "default-live-app-name" : "mycapapp-db-deployer",
      "default-live-domain" : "cfapps.us10-001.hana.ondemand.com",
      "dependency-type" : "hard",
      "domain" : "cfapps.us10-001.hana.ondemand.com",
      "host" : "18f2d7c5trial-dev-mycapapp-db-deployer",
      "generated-user" : "********",
      "tasks" : [ {
        "command" : "npm start",
        "memory" : "256M",
        "name" : "deploy"
      } ],
      "no-start" : true
    },
    "requiredDependencies" : [ {
      "majorSchemaVersion" : 3,
      "name" : "mycapapp-db",
      "properties" : { },
      "parameters" : { },
      "propertiesMetadata" : {
        "metadata" : { }
      },
      "parametersMetadata" : {
        "metadata" : { }
      }
    } ],
    "providedDependencies" : [ {
      "majorSchemaVersion" : 3,
      "name" : "mycapapp-db-deployer",
      "isPublic" : false,
      "properties" : { },
      "parameters" : { },
      "propertiesMetadata" : {
        "metadata" : { }
      },
      "parametersMetadata" : {
        "metadata" : { }
      }
    } ],
    "propertiesMetadata" : {
      "metadata" : { }
    },
    "parametersMetadata" : {
      "metadata" : { }
    },
    "hooks" : [ ]
  } ],
  "resources" : [ {
    "majorSchemaVersion" : 3,
    "name" : "********",
    "type" : "org.cloudfoundry.managed-service",
    "properties" : { },
    "parameters" : {
      "generated-password" : "********",
      "path" : "./xs-security.json",
      "service-name" : "********",
      "service-plan" : "application",
      "service" : "xsuaa",
      "generated-user" : "********",
      "default-xsappname" : "********",
      "type" : "managed-service",
      "config" : {
        "oauth2-configuration" : "********",
        "role-collections" : [ {
          "description" : "generated",
          "name" : "Viewer (mycapapp 18f2d7c5trial-dev)",
          "role-template-references" : [ "$XSAPPNAME.Viewer" ]
        }, {
          "description" : "generated",
          "name" : "Editor (mycapapp 18f2d7c5trial-dev)",
          "role-template-references" : [ "$XSAPPNAME.Editor" ]
        }, {
          "description" : "generated",
          "name" : "********",
          "role-template-references" : [ "********" ]
        } ],
        "tenant-mode" : "dedicated",
        "xsappname" : "mycapapp-18f2d7c5trial-dev"
      },
      "default-service-name" : "********",
      "default-container-name" : "********"
    },
    "isActive" : true,
    "isOptional" : false,
    "propertiesMetadata" : {
      "metadata" : { }
    },
    "parametersMetadata" : {
      "metadata" : { }
    },
    "requiredDependencies" : [ ],
    "processedAfter" : [ ]
  }, {
    "majorSchemaVersion" : 3,
    "name" : "mycapapp-db",
    "type" : "com.sap.xs.hdi-container",
    "properties" : { },
    "parameters" : {
      "generated-password" : "********",
      "service-name" : "mycapapp-db",
      "service-plan" : "hdi-shared",
      "service" : "hana",
      "generated-user" : "********",
      "default-xsappname" : "mycapapp-db",
      "type" : "managed-service",
      "default-service-name" : "mycapapp-db",
      "default-container-name" : "18F2D7C5TRIAL_DEV_MYCAPAPP_DB"
    },
    "isActive" : true,
    "isOptional" : false,
    "propertiesMetadata" : {
      "metadata" : { }
    },
    "parametersMetadata" : {
      "metadata" : { }
    },
    "requiredDependencies" : [ ],
    "processedAfter" : [ ]
  } ],
  "parameters" : {
    "mta-id" : "mycapapp",
    "authorization-url" : "********",
    "org-guid" : "8dcffcde-077b-4676-b7c4-6202b5503e6c",
    "org" : "18f2d7c5trial",
    "deploy-target" : "18f2d7c5trial dev",
    "enable-parallel-deployments" : true,
    "region-primary-domain" : "us10.hana.ondemand.com",
    "space" : "dev",
    "region-domain" : "us10-001.hana.ondemand.com",
    "xs-api-url" : "https://api.cf.us10-001.hana.ondemand.com",
    "deploy-url" : "deploy-service.cfapps.us10-001.hana.ondemand.com",
    "xs-type" : "CF",
    "default-domain" : "cfapps.us10-001.hana.ondemand.com",
    "mta-version" : "1.0.0",
    "xs-auth-url" : "********",
    "space-guid" : "e0b56b85-8b5c-4827-aaef-5eb4adf02e14",
    "user" : "********",
    "controller-url" : "https://api.cf.us10-001.hana.ondemand.com",
    "timestamp" : "20260910002136"
  },
  "parametersMetadata" : {
    "metadata" : { }
  }
}#
#2026 09 10 00:21:37.495#Z#DEBUG#95691efe-acad-11f1-bceb-eeee0a8894dd.OPERATION#flowable-async-job-executor-thread-23585#
[ProcessDescriptorStep] Merged descriptor properties and parameters resolved#
#2026 09 10 00:21:37.495#Z#DEBUG#95691efe-acad-11f1-bceb-eeee0a8894dd.OPERATION#flowable-async-job-executor-thread-23585#
Step "Process Descriptor Step" finished#
#2026 09 10 00:21:37.523#Z#DEBUG#95691efe-acad-11f1-bceb-eeee0a8894dd.OPERATION#flowable-async-job-executor-thread-23586#
[XS2BuildCloudDeployModelStep] Executing task "buildDeployModelTask" of process "95691f24-acad-11f1-bceb-eeee0a8894dd"...#
#2026 09 10 00:21:37.526#Z#DEBUG#95691efe-acad-11f1-bceb-eeee0a8894dd.OPERATION#flowable-async-job-executor-thread-23586#
[XS2BuildCloudDeployModelStep] Service keys defined for content deployment grouped by service name: { }#
#2026 09 10 00:21:37.526#Z#DEBUG#95691efe-acad-11f1-bceb-eeee0a8894dd.OPERATION#flowable-async-job-executor-thread-23586#
[XS2BuildCloudDeployModelStep] Building cloud deployment model...#
#2026 09 10 00:21:37.528#Z#DEBUG#95691efe-acad-11f1-bceb-eeee0a8894dd.OPERATION#flowable-async-job-executor-thread-23586#
[XS2BuildCloudDeployModelStep] MTA archive modules: [mycapapp-srv, mycapapp-ui, mycapapp-db-deployer]#
#2026 09 10 00:21:37.528#Z#DEBUG#95691efe-acad-11f1-bceb-eeee0a8894dd.OPERATION#flowable-async-job-executor-thread-23586#
[XS2BuildCloudDeployModelStep] Deployed modules: [mycapapp-db-deployer, mycapapp-srv, mycapapp-ui]#
#2026 09 10 00:21:37.529#Z#DEBUG#95691efe-acad-11f1-bceb-eeee0a8894dd.OPERATION#flowable-async-job-executor-thread-23586#
[XS2BuildCloudDeployModelStep] MTA modules: [mycapapp-srv, mycapapp-ui, mycapapp-db-deployer]#
#2026 09 10 00:21:37.529#Z#DEBUG#95691efe-acad-11f1-bceb-eeee0a8894dd.OPERATION#flowable-async-job-executor-thread-23586#
[XS2BuildCloudDeployModelStep] Service keys to create: {
  "mycapapp-auth" : "********",
  "mycapapp-db" : [ ]
}#
#2026 09 10 00:21:37.530#Z#DEBUG#95691efe-acad-11f1-bceb-eeee0a8894dd.OPERATION#flowable-async-job-executor-thread-23586#
[XS2BuildCloudDeployModelStep] Modules to deploy: [{
  "majorSchemaVersion" : 3,
  "name" : "mycapapp-ui",
  "type" : "javascript.nodejs",
  "path" : "mycapapp-ui",
  "properties" : { },
  "parameters" : {
    "default-url" : "https://18f2d7c5trial-dev-mycapapp-ui.cfapps.us10-001.hana.ondemand.com",
    "default-app-name" : "mycapapp-ui",
    "generated-password" : "********",
    "default-live-url" : "https://18f2d7c5trial-dev-mycapapp-ui.cfapps.us10-001.hana.ondemand.com",
    "default-uri" : "18f2d7c5trial-dev-mycapapp-ui.cfapps.us10-001.hana.ondemand.com",
    "default-instances" : 1,
    "default-live-host" : "18f2d7c5trial-dev-mycapapp-ui",
    "instances" : 1,
    "buildpack" : "nodejs_buildpack",
    "default-host" : "18f2d7c5trial-dev-mycapapp-ui",
    "app-name" : "mycapapp-ui",
    "default-live-uri" : "18f2d7c5trial-dev-mycapapp-ui.cfapps.us10-001.hana.ondemand.com",
    "protocol" : "https",
    "default-live-app-name" : "mycapapp-ui",
    "default-live-domain" : "cfapps.us10-001.hana.ondemand.com",
    "dependency-type" : "soft",
    "domain" : "cfapps.us10-001.hana.ondemand.com",
    "host" : "18f2d7c5trial-dev-mycapapp-ui",
    "generated-user" : "********"
  },
  "requiredDependencies" : [ {
    "majorSchemaVersion" : 3,
    "name" : "********",
    "properties" : { },
    "parameters" : { },
    "propertiesMetadata" : {
      "metadata" : { }
    },
    "parametersMetadata" : {
      "metadata" : { }
    }
  }, {
    "majorSchemaVersion" : 3,
    "name" : "srv-api",
    "group" : "destinations",
    "properties" : {
      "name" : "srv-api",
      "forwardAuthToken" : "********",
      "strictSSL" : true,
      "url" : "https://18f2d7c5trial-dev-mycapapp-srv.cfapps.us10-001.hana.ondemand.com"
    },
    "parameters" : { },
    "propertiesMetadata" : {
      "metadata" : { }
    },
    "parametersMetadata" : {
      "metadata" : { }
    }
  } ],
  "providedDependencies" : [ {
    "majorSchemaVersion" : 3,
    "name" : "mycapapp-ui",
    "isPublic" : false,
    "properties" : { },
    "parameters" : { },
    "propertiesMetadata" : {
      "metadata" : { }
    },
    "parametersMetadata" : {
      "metadata" : { }
    }
  } ],
  "propertiesMetadata" : {
    "metadata" : { }
  },
  "parametersMetadata" : {
    "metadata" : { }
  },
  "deployedAfter" : [ ],
  "hooks" : [ ]
}, {
  "majorSchemaVersion" : 3,
  "name" : "mycapapp-srv",
  "type" : "javascript.nodejs",
  "path" : "mycapapp-srv",
  "properties" : { },
  "parameters" : {
    "default-url" : "https://18f2d7c5trial-dev-mycapapp-srv.cfapps.us10-001.hana.ondemand.com",
    "default-app-name" : "mycapapp-srv",
    "generated-password" : "********",
    "default-live-url" : "https://18f2d7c5trial-dev-mycapapp-srv.cfapps.us10-001.hana.ondemand.com",
    "default-uri" : "18f2d7c5trial-dev-mycapapp-srv.cfapps.us10-001.hana.ondemand.com",
    "default-instances" : 1,
    "default-live-host" : "18f2d7c5trial-dev-mycapapp-srv",
    "instances" : 1,
    "buildpack" : "nodejs_buildpack",
    "default-host" : "18f2d7c5trial-dev-mycapapp-srv",
    "app-name" : "mycapapp-srv",
    "default-live-uri" : "18f2d7c5trial-dev-mycapapp-srv.cfapps.us10-001.hana.ondemand.com",
    "protocol" : "https",
    "default-live-app-name" : "mycapapp-srv",
    "default-live-domain" : "cfapps.us10-001.hana.ondemand.com",
    "dependency-type" : "soft",
    "domain" : "cfapps.us10-001.hana.ondemand.com",
    "host" : "18f2d7c5trial-dev-mycapapp-srv",
    "generated-user" : "********"
  },
  "requiredDependencies" : [ {
    "majorSchemaVersion" : 3,
    "name" : "********",
    "properties" : { },
    "parameters" : { },
    "propertiesMetadata" : {
      "metadata" : { }
    },
    "parametersMetadata" : {
      "metadata" : { }
    }
  }, {
    "majorSchemaVersion" : 3,
    "name" : "mycapapp-db",
    "properties" : { },
    "parameters" : { },
    "propertiesMetadata" : {
      "metadata" : { }
    },
    "parametersMetadata" : {
      "metadata" : { }
    }
  } ],
  "providedDependencies" : [ {
    "majorSchemaVersion" : 3,
    "name" : "srv-api",
    "isPublic" : false,
    "properties" : {
      "srv-url" : "https://18f2d7c5trial-dev-mycapapp-srv.cfapps.us10-001.hana.ondemand.com"
    },
    "parameters" : { },
    "propertiesMetadata" : {
      "metadata" : { }
    },
    "parametersMetadata" : {
      "metadata" : { }
    }
  }, {
    "majorSchemaVersion" : 3,
    "name" : "mycapapp-srv",
    "isPublic" : false,
    "properties" : { },
    "parameters" : { },
    "propertiesMetadata" : {
      "metadata" : { }
    },
    "parametersMetadata" : {
      "metadata" : { }
    }
  } ],
  "propertiesMetadata" : {
    "metadata" : { }
  },
  "parametersMetadata" : {
    "metadata" : { }
  },
  "deployedAfter" : [ ],
  "hooks" : [ ]
}, {
  "majorSchemaVersion" : 3,
  "name" : "mycapapp-db-deployer",
  "type" : "com.sap.xs.hdi",
  "path" : "mycapapp-db-deployer",
  "properties" : {
    "EXIT" : 1
  },
  "parameters" : {
    "default-url" : "https://18f2d7c5trial-dev-mycapapp-db-deployer.cfapps.us10-001.hana.ondemand.com",
    "default-app-name" : "mycapapp-db-deployer",
    "generated-password" : "********",
    "default-live-url" : "https://18f2d7c5trial-dev-mycapapp-db-deployer.cfapps.us10-001.hana.ondemand.com",
    "default-uri" : "18f2d7c5trial-dev-mycapapp-db-deployer.cfapps.us10-001.hana.ondemand.com",
    "memory" : "256M",
    "default-instances" : 1,
    "no-route" : true,
    "default-live-host" : "18f2d7c5trial-dev-mycapapp-db-deployer",
    "instances" : 1,
    "buildpack" : "nodejs_buildpack",
    "default-host" : "18f2d7c5trial-dev-mycapapp-db-deployer",
    "app-name" : "mycapapp-db-deployer",
    "default-live-uri" : "18f2d7c5trial-dev-mycapapp-db-deployer.cfapps.us10-001.hana.ondemand.com",
    "protocol" : "https",
    "default-live-app-name" : "mycapapp-db-deployer",
    "default-live-domain" : "cfapps.us10-001.hana.ondemand.com",
    "dependency-type" : "hard",
    "domain" : "cfapps.us10-001.hana.ondemand.com",
    "host" : "18f2d7c5trial-dev-mycapapp-db-deployer",
    "generated-user" : "********",
    "tasks" : [ {
      "command" : "npm start",
      "memory" : "256M",
      "name" : "deploy"
    } ],
    "no-start" : true
  },
  "requiredDependencies" : [ {
    "majorSchemaVersion" : 3,
    "name" : "mycapapp-db",
    "properties" : { },
    "parameters" : { },
    "propertiesMetadata" : {
      "metadata" : { }
    },
    "parametersMetadata" : {
      "metadata" : { }
    }
  } ],
  "providedDependencies" : [ {
    "majorSchemaVersion" : 3,
    "name" : "mycapapp-db-deployer",
    "isPublic" : false,
    "properties" : { },
    "parameters" : { },
    "propertiesMetadata" : {
      "metadata" : { }
    },
    "parametersMetadata" : {
      "metadata" : { }
    }
  } ],
  "propertiesMetadata" : {
    "metadata" : { }
  },
  "parametersMetadata" : {
    "metadata" : { }
  },
  "deployedAfter" : [ ],
  "hooks" : [ ]
}]#
#2026 09 10 00:21:37.531#Z#DEBUG#95691efe-acad-11f1-bceb-eeee0a8894dd.OPERATION#flowable-async-job-executor-thread-23586#
[XS2BuildCloudDeployModelStep] Custom domains: []#
#2026 09 10 00:21:37.534#Z#DEBUG#95691efe-acad-11f1-bceb-eeee0a8894dd.OPERATION#flowable-async-job-executor-thread-23586#
[XS2BuildCloudDeployModelStep] Calculating resource batches...#
#2026 09 10 00:21:37.534#Z#DEBUG#95691efe-acad-11f1-bceb-eeee0a8894dd.OPERATION#flowable-async-job-executor-thread-23586#
[XS2BuildCloudDeployModelStep] Calculating resource batches completed.#
#2026 09 10 00:21:37.534#Z#DEBUG#95691efe-acad-11f1-bceb-eeee0a8894dd.OPERATION#flowable-async-job-executor-thread-23586#
[XS2BuildCloudDeployModelStep] Cloud deployment model built#
#2026 09 10 00:21:37.534#Z#DEBUG#95691efe-acad-11f1-bceb-eeee0a8894dd.OPERATION#flowable-async-job-executor-thread-23586#
Step "Build Deploy Model" finished#
#2026 09 10 00:21:37.568#Z#DEBUG#95691efe-acad-11f1-bceb-eeee0a8894dd.OPERATION#flowable-async-job-executor-thread-23586#
[BuildCloudUndeployModelStep] Executing task "buildUndeployModelTask" of process "95691f24-acad-11f1-bceb-eeee0a8894dd"...#
#2026 09 10 00:21:37.569#Z#DEBUG#95691efe-acad-11f1-bceb-eeee0a8894dd.OPERATION#flowable-async-job-executor-thread-23586#
[BuildCloudUndeployModelStep] Building cloud undeployment model...#
#2026 09 10 00:21:37.570#Z#DEBUG#95691efe-acad-11f1-bceb-eeee0a8894dd.OPERATION#flowable-async-job-executor-thread-23586#
[BuildCloudUndeployModelStep] Detecting service keys to delete.#
#2026 09 10 00:21:37.571#Z#DEBUG#95691efe-acad-11f1-bceb-eeee0a8894dd.OPERATION#flowable-async-job-executor-thread-23586#
[BuildCloudUndeployModelStep] No deployed service keys detected!#
#2026 09 10 00:21:37.571#Z#DEBUG#95691efe-acad-11f1-bceb-eeee0a8894dd.OPERATION#flowable-async-job-executor-thread-23586#
[BuildCloudUndeployModelStep] Detected service keys to delete "[]"#
#2026 09 10 00:21:37.574#Z#DEBUG#95691efe-acad-11f1-bceb-eeee0a8894dd.OPERATION#flowable-async-job-executor-thread-23586#
[BuildCloudUndeployModelStep] MTA modules: [mycapapp-srv, mycapapp-ui, mycapapp-db-deployer]#
#2026 09 10 00:21:37.575#Z#DEBUG#95691efe-acad-11f1-bceb-eeee0a8894dd.OPERATION#flowable-async-job-executor-thread-23586#
[BuildCloudUndeployModelStep] Modules to undeploy: [ ]#
#2026 09 10 00:21:37.575#Z#DEBUG#95691efe-acad-11f1-bceb-eeee0a8894dd.OPERATION#flowable-async-job-executor-thread-23586#
[BuildCloudUndeployModelStep] Modules that won't be changed: [ ]#
#2026 09 10 00:21:37.576#Z#DEBUG#95691efe-acad-11f1-bceb-eeee0a8894dd.OPERATION#flowable-async-job-executor-thread-23586#
[BuildCloudUndeployModelStep] Subscriptions to delete: [ ]#
#2026 09 10 00:21:37.577#Z#DEBUG#95691efe-acad-11f1-bceb-eeee0a8894dd.OPERATION#flowable-async-job-executor-thread-23586#
[BuildCloudUndeployModelStep] Cloud services to delete: []#
#2026 09 10 00:21:37.577#Z#DEBUG#95691efe-acad-11f1-bceb-eeee0a8894dd.OPERATION#flowable-async-job-executor-thread-23586#
[BuildCloudUndeployModelStep] Cloud applications to undeploy: [ ]#
#2026 09 10 00:21:37.580#Z#DEBUG#95691efe-acad-11f1-bceb-eeee0a8894dd.OPERATION#flowable-async-job-executor-thread-23586#
[BuildCloudUndeployModelStep] Cloud undeployment model built#
#2026 09 10 00:21:37.580#Z#DEBUG#95691efe-acad-11f1-bceb-eeee0a8894dd.OPERATION#flowable-async-job-executor-thread-23586#
Step "Build Undeploy Model" finished#
#2026 09 10 00:21:37.607#Z#DEBUG#95691efe-acad-11f1-bceb-eeee0a8894dd.OPERATION#flowable-async-job-executor-thread-23586#
[AddDomainsStep] Executing task "addDomainsTask" of process "95691f24-acad-11f1-bceb-eeee0a8894dd"...#
#2026 09 10 00:21:37.609#Z#DEBUG#95691efe-acad-11f1-bceb-eeee0a8894dd.OPERATION#flowable-async-job-executor-thread-23586#
[AddDomainsStep] Custom domains: []#
#2026 09 10 00:21:37.609#Z#DEBUG#95691efe-acad-11f1-bceb-eeee0a8894dd.OPERATION#flowable-async-job-executor-thread-23586#
Step "Add Domains" finished#
#2026 09 10 00:21:38.002#Z#DEBUG#95691efe-acad-11f1-bceb-eeee0a8894dd.OPERATION#flowable-async-job-executor-thread-23590#
[ExtractBatchedServicesWithResolvedDynamicParametersStep] Executing task "prepareModulesDeploymentTask" of process "9652947c-acad-11f1-bceb-eeee0a8894dd"...#
#2026 09 10 00:21:38.003#Z#DEBUG#95691efe-acad-11f1-bceb-eeee0a8894dd.OPERATION#flowable-async-job-executor-thread-23590#
[ExtractBatchedServicesWithResolvedDynamicParametersStep] Extracting services and resolving dynamic parameters from batch#
#2026 09 10 00:21:38.004#Z#DEBUG#95691efe-acad-11f1-bceb-eeee0a8894dd.OPERATION#flowable-async-job-executor-thread-23590#
[ExtractBatchedServicesWithResolvedDynamicParametersStep] Services to create: [ {
  "isOptional" : false,
  "isManaged" : true,
  "name" : "********",
  "v3Metadata" : {
    "annotations" : {
      "mta_id" : "mycapapp",
      "mta_version" : "1.0.0",
      "mta_resource" : "********"
    },
    "labels" : {
      "mta_id" : "8dddd39a7d59d9fa7a483d6583e9c929"
    }
  },
  "label" : "xsuaa",
  "plan" : "application",
  "credentials" : "********",
  "tags" : [ ],
  "type" : "managed",
  "resourceName" : "********",
  "shouldSkipParametersUpdate" : false,
  "shouldSkipPlanUpdate" : false,
  "shouldSkipTagsUpdate" : false,
  "shouldSkipSyslogUrlUpdate" : false
}, {
  "isOptional" : false,
  "isManaged" : true,
  "name" : "mycapapp-db",
  "v3Metadata" : {
    "annotations" : {
      "mta_id" : "mycapapp",
      "mta_version" : "1.0.0",
      "mta_resource" : "{\"name\":\"mycapapp-db\"}"
    },
    "labels" : {
      "mta_id" : "8dddd39a7d59d9fa7a483d6583e9c929"
    }
  },
  "label" : "hana",
  "plan" : "hdi-shared",
  "credentials" : "********",
  "tags" : [ ],
  "type" : "managed",
  "resourceName" : "mycapapp-db",
  "shouldSkipParametersUpdate" : false,
  "shouldSkipPlanUpdate" : false,
  "shouldSkipTagsUpdate" : false,
  "shouldSkipSyslogUrlUpdate" : false
} ]#
#2026 09 10 00:21:38.005#Z#DEBUG#95691efe-acad-11f1-bceb-eeee0a8894dd.OPERATION#flowable-async-job-executor-thread-23590#
Step "Extract Services with Resolved Dynamic parameters from batch" finished#
#2026 09 10 00:21:38.134#Z#DEBUG#95691efe-acad-11f1-bceb-eeee0a8894dd.OPERATION#flowable-async-job-executor-thread-23584#
[CheckServiceOperationStateStep] Executing task "CheckServiceOperationStateTask" of process "96940a8d-acad-11f1-bceb-eeee0a8894dd"...#
#2026 09 10 00:21:38.135#Z#DEBUG#95691efe-acad-11f1-bceb-eeee0a8894dd.OPERATION#flowable-async-job-executor-thread-23584#
[CheckServiceOperationStateStep] Getting service instance "mycapapp-auth"...#
#2026 09 10 00:21:38.284#Z#DEBUG#95691efe-acad-11f1-bceb-eeee0a8894dd.OPERATION#flowable-async-job-executor-thread-23584#
Step "Check for service operations in Progress" finished#
#2026 09 10 00:21:38.314#Z#DEBUG#95691efe-acad-11f1-bceb-eeee0a8894dd.OPERATION#flowable-async-job-executor-thread-23584#
[DetermineServiceCreateUpdateServiceActionsStep] Executing task "DetermineServiceCreateUpdateActionsTask" of process "96940a8d-acad-11f1-bceb-eeee0a8894dd"...#
#2026 09 10 00:21:38.316#Z#INFO#95691efe-acad-11f1-bceb-eeee0a8894dd.OPERATION#flowable-async-job-executor-thread-23584#
[DetermineServiceCreateUpdateServiceActionsStep] Processing service "mycapapp-auth"...#
#2026 09 10 00:21:38.320#Z#DEBUG#95691efe-acad-11f1-bceb-eeee0a8894dd.OPERATION#flowable-async-job-executor-thread-23584#
[DetermineServiceCreateUpdateServiceActionsStep] Getting service instance "mycapapp-auth"...#
#2026 09 10 00:21:38.444#Z#INFO#95691efe-acad-11f1-bceb-eeee0a8894dd.OPERATION#flowable-async-job-executor-thread-23584#
[DetermineServiceCreateUpdateServiceActionsStep] Setting service "mycapapp-auth" parameters from "xs-security.json"#
#2026 09 10 00:21:38.472#Z#DEBUG#95691efe-acad-11f1-bceb-eeee0a8894dd.OPERATION#flowable-async-job-executor-thread-23584#
[DetermineServiceCreateUpdateServiceActionsStep] Existing service: {
  "name" : "********",
  "metadata" : {
    "guid" : "1d0dc059-21e3-4b61-bbb0-fae379628114",
    "createdAt" : [ 2026, 9, 9, 20, 13, 18 ],
    "updatedAt" : [ 2026, 9, 9, 20, 13, 19 ]
  },
  "v3Metadata" : {
    "annotations" : {
      "mta_id" : "mycapapp",
      "mta_version" : "1.0.0",
      "mta_resource" : "********"
    },
    "labels" : {
      "mta_id" : "8dddd39a7d59d9fa7a483d6583e9c929"
    }
  },
  "label" : "xsuaa",
  "plan" : "application",
  "credentials" : "********",
  "tags" : [ ],
  "type" : "managed",
  "lastOperation" : {
    "type" : "UPDATE",
    "description" : "",
    "state" : "SUCCEEDED"
  }
}#
#2026 09 10 00:21:38.472#Z#DEBUG#95691efe-acad-11f1-bceb-eeee0a8894dd.OPERATION#flowable-async-job-executor-thread-23584#
[DetermineServiceCreateUpdateServiceActionsStep] Service parameters will be updated#
#2026 09 10 00:21:38.473#Z#DEBUG#95691efe-acad-11f1-bceb-eeee0a8894dd.OPERATION#flowable-async-job-executor-thread-23584#
[DetermineServiceCreateUpdateServiceActionsStep] New parameters: {
  "attributes" : [ {
    "name" : "spiderman",
    "description" : "Bank Name which will control Row level security",
    "valueType" : "string"
  } ],
  "authorities" : "********",
  "oauth2-configuration" : "********",
  "role-collections" : [ {
    "description" : "generated",
    "name" : "Viewer (mycapapp 18f2d7c5trial-dev)",
    "role-template-references" : [ "$XSAPPNAME.Viewer" ]
  }, {
    "description" : "generated",
    "name" : "Editor (mycapapp 18f2d7c5trial-dev)",
    "role-template-references" : [ "$XSAPPNAME.Editor" ]
  }, {
    "description" : "generated",
    "name" : "********",
    "role-template-references" : [ "********" ]
  } ],
  "role-templates" : [ {
    "name" : "Viewer",
    "description" : "View all data of PO and Employees",
    "default-role-name" : "********",
    "scope-references" : [ "$XSAPPNAME.Display" ],
    "attribute-references" : [ {
      "name" : "spiderman"
    } ]
  }, {
    "name" : "Editor",
    "description" : "Edit, delete PO and Employees",
    "scope-references" : [ "$XSAPPNAME.Edit", "$XSAPPNAME.Delete" ]
  } ],
  "scopes" : [ {
    "name" : "$XSAPPNAME.Display",
    "description" : "display"
  }, {
    "name" : "$XSAPPNAME.Edit",
    "description" : "edit"
  }, {
    "name" : "$XSAPPNAME.Delete",
    "description" : "delete"
  }, {
    "name" : "$XSAPPNAME.Viewer",
    "description" : "Viewer"
  }, {
    "name" : "$XSAPPNAME.Editor",
    "description" : "Editor"
  } ],
  "tenant-mode" : "dedicated",
  "xsappname" : "mycapapp-18f2d7c5trial-dev",
  "xsenableasyncservice" : "true"
}#
#2026 09 10 00:21:38.473#Z#DEBUG#95691efe-acad-11f1-bceb-eeee0a8894dd.OPERATION#flowable-async-job-executor-thread-23584#
Step "Determine update actions" finished#
#2026 09 10 00:21:38.520#Z#DEBUG#95691efe-acad-11f1-bceb-eeee0a8894dd.OPERATION#flowable-async-job-executor-thread-23584#
[CheckForServiceBindingOrKeyOperationStep] Executing task "CheckForServiceBindingOrKeyCreation" of process "96940a8d-acad-11f1-bceb-eeee0a8894dd"...#
#2026 09 10 00:21:38.521#Z#DEBUG#95691efe-acad-11f1-bceb-eeee0a8894dd.OPERATION#flowable-async-job-executor-thread-23584#
Step "Check for service binding or key creation" finished#
#2026 09 10 00:21:38.561#Z#DEBUG#95691efe-acad-11f1-bceb-eeee0a8894dd.OPERATION#flowable-async-job-executor-thread-23584#
[UpdateServiceParametersStep] Executing task "UpdateServiceParametersTask" of process "96940a8d-acad-11f1-bceb-eeee0a8894dd"...#
#2026 09 10 00:21:38.563#Z#INFO#95691efe-acad-11f1-bceb-eeee0a8894dd.OPERATION#flowable-async-job-executor-thread-23584#
[UpdateServiceParametersStep] Updating service "mycapapp-auth"...#
#2026 09 10 00:21:38.566#Z#DEBUG#95691efe-acad-11f1-bceb-eeee0a8894dd.OPERATION#flowable-async-job-executor-thread-23584#
[UpdateServiceParametersStep] Updating service parameters for service "mycapapp-auth"...#
#2026 09 10 00:21:38.684#Z#DEBUG#95691efe-acad-11f1-bceb-eeee0a8894dd.OPERATION#flowable-async-job-executor-thread-23584#
[UpdateServiceParametersStep] Service "mycapapp-auth" updated#
#2026 09 10 00:21:38.684#Z#DEBUG#95691efe-acad-11f1-bceb-eeee0a8894dd.OPERATION#flowable-async-job-executor-thread-23584#
[UpdateServiceParametersStep] Triggered service operations: {
  "mycapapp-auth" : "UPDATE"
}#
#2026 09 10 00:21:38.685#Z#DEBUG#95691efe-acad-11f1-bceb-eeee0a8894dd.OPERATION#flowable-async-job-executor-thread-23584#
Step "Update parameters" finished#
#2026 09 10 00:21:39.668#Z#DEBUG#95691efe-acad-11f1-bceb-eeee0a8894dd.OPERATION#flowable-async-job-executor-thread-23589#
[CheckServiceOperationStateStep] Executing task "CheckServiceOperationStateTask" of process "97808dc7-acad-11f1-bceb-eeee0a8894dd"...#
#2026 09 10 00:21:39.669#Z#DEBUG#95691efe-acad-11f1-bceb-eeee0a8894dd.OPERATION#flowable-async-job-executor-thread-23589#
[CheckServiceOperationStateStep] Getting service instance "mycapapp-db"...#
#2026 09 10 00:21:39.782#Z#DEBUG#95691efe-acad-11f1-bceb-eeee0a8894dd.OPERATION#flowable-async-job-executor-thread-23589#
Step "Check for service operations in Progress" finished#
#2026 09 10 00:21:39.806#Z#DEBUG#95691efe-acad-11f1-bceb-eeee0a8894dd.OPERATION#flowable-async-job-executor-thread-23589#
[DetermineServiceCreateUpdateServiceActionsStep] Executing task "DetermineServiceCreateUpdateActionsTask" of process "97808dc7-acad-11f1-bceb-eeee0a8894dd"...#
#2026 09 10 00:21:39.807#Z#INFO#95691efe-acad-11f1-bceb-eeee0a8894dd.OPERATION#flowable-async-job-executor-thread-23589#
[DetermineServiceCreateUpdateServiceActionsStep] Processing service "mycapapp-db"...#
#2026 09 10 00:21:39.812#Z#DEBUG#95691efe-acad-11f1-bceb-eeee0a8894dd.OPERATION#flowable-async-job-executor-thread-23589#
[DetermineServiceCreateUpdateServiceActionsStep] Getting service instance "mycapapp-db"...#
#2026 09 10 00:21:39.930#Z#DEBUG#95691efe-acad-11f1-bceb-eeee0a8894dd.OPERATION#flowable-async-job-executor-thread-23589#
[DetermineServiceCreateUpdateServiceActionsStep] Existing service: {
  "name" : "mycapapp-db",
  "metadata" : {
    "guid" : "cddbf880-0000-4bf2-9250-66f67538c4f3",
    "createdAt" : [ 2026, 9, 9, 20, 13, 19 ],
    "updatedAt" : [ 2026, 9, 9, 20, 13, 19 ]
  },
  "v3Metadata" : {
    "annotations" : {
      "mta_id" : "mycapapp",
      "mta_version" : "1.0.0",
      "mta_resource" : "{\"name\":\"mycapapp-db\"}"
    },
    "labels" : {
      "mta_id" : "8dddd39a7d59d9fa7a483d6583e9c929"
    }
  },
  "label" : "hana",
  "plan" : "hdi-shared",
  "credentials" : "********",
  "tags" : [ ],
  "type" : "managed",
  "lastOperation" : {
    "type" : "CREATE",
    "state" : "SUCCEEDED"
  }
}#
#2026 09 10 00:21:39.930#Z#WARN#95691efe-acad-11f1-bceb-eeee0a8894dd.OPERATION#flowable-async-job-executor-thread-23589#
[DetermineServiceCreateUpdateServiceActionsStep] Service parameters for service "mycapapp-db" will not be updated, as the parameters are not defined or empty.#
#2026 09 10 00:21:39.930#Z#DEBUG#95691efe-acad-11f1-bceb-eeee0a8894dd.OPERATION#flowable-async-job-executor-thread-23589#
Step "Determine update actions" finished#
#2026 09 10 00:21:39.967#Z#DEBUG#95691efe-acad-11f1-bceb-eeee0a8894dd.OPERATION#flowable-async-job-executor-thread-23589#
[CheckForServiceBindingOrKeyOperationStep] Executing task "CheckForServiceBindingOrKeyCreation" of process "97808dc7-acad-11f1-bceb-eeee0a8894dd"...#
#2026 09 10 00:21:39.968#Z#DEBUG#95691efe-acad-11f1-bceb-eeee0a8894dd.OPERATION#flowable-async-job-executor-thread-23589#
Step "Check for service binding or key creation" finished#
#2026 09 10 00:21:51.608#Z#DEBUG#95691efe-acad-11f1-bceb-eeee0a8894dd.OPERATION#flowable-async-job-executor-thread-28354#
[UpdateServiceParametersStep] Executing task "UpdateServiceParametersTask" of process "96940a8d-acad-11f1-bceb-eeee0a8894dd"...#
#2026 09 10 00:21:51.609#Z#DEBUG#95691efe-acad-11f1-bceb-eeee0a8894dd.OPERATION#flowable-async-job-executor-thread-28354#
[UpdateServiceParametersStep] Polling service operations...#
#2026 09 10 00:21:51.658#Z#DEBUG#95691efe-acad-11f1-bceb-eeee0a8894dd.OPERATION#flowable-async-job-executor-thread-28354#
[UpdateServiceParametersStep] Getting service instance "mycapapp-auth"...#
#2026 09 10 00:21:51.782#Z#DEBUG#95691efe-acad-11f1-bceb-eeee0a8894dd.OPERATION#flowable-async-job-executor-thread-28354#
[UpdateServiceParametersStep] Last operation for service "mycapapp-auth": {
  "type" : "UPDATE",
  "description" : "",
  "state" : "SUCCEEDED"
}#
#2026 09 10 00:21:51.782#Z#DEBUG#95691efe-acad-11f1-bceb-eeee0a8894dd.OPERATION#flowable-async-job-executor-thread-28354#
[UpdateServiceParametersStep] Service "mycapapp-auth" updated#
#2026 09 10 00:21:51.782#Z#INFO#95691efe-acad-11f1-bceb-eeee0a8894dd.OPERATION#flowable-async-job-executor-thread-28354#
[UpdateServiceParametersStep] 1 of 1 done#
#2026 09 10 00:21:51.786#Z#DEBUG#95691efe-acad-11f1-bceb-eeee0a8894dd.OPERATION#flowable-async-job-executor-thread-28354#
[UpdateServiceParametersStep] Remaining services to poll: [ ]#
#2026 09 10 00:21:51.787#Z#DEBUG#95691efe-acad-11f1-bceb-eeee0a8894dd.OPERATION#flowable-async-job-executor-thread-28354#
Step "Update parameters" finished#
#2026 09 10 00:21:51.956#Z#DEBUG#95691efe-acad-11f1-bceb-eeee0a8894dd.OPERATION#flowable-async-job-executor-thread-28358#
[PrepareModulesDeploymentStep] Executing task "prepareModulesDeploymentTask" of process "9ed3b4d0-acad-11f1-8160-eeee0a8929a1"...#
#2026 09 10 00:21:51.956#Z#DEBUG#95691efe-acad-11f1-bceb-eeee0a8894dd.OPERATION#flowable-async-job-executor-thread-28358#
[PrepareModulesDeploymentStep] Preparing modules deployment...#
#2026 09 10 00:21:51.960#Z#DEBUG#95691efe-acad-11f1-bceb-eeee0a8894dd.OPERATION#flowable-async-job-executor-thread-28358#
Step "Prepare Modules Deployment" finished#
#2026 09 10 00:21:51.987#Z#DEBUG#95691efe-acad-11f1-bceb-eeee0a8894dd.OPERATION#flowable-async-job-executor-thread-28359#
[ComputeNextModulesStep] Executing task "computeNextModulesToDeployInParallel" of process "9ed3b4d0-acad-11f1-8160-eeee0a8929a1"...#
#2026 09 10 00:21:51.988#Z#DEBUG#95691efe-acad-11f1-bceb-eeee0a8894dd.OPERATION#flowable-async-job-executor-thread-28359#
[ComputeNextModulesStep] Computing modules for next parallel iteration...#
#2026 09 10 00:21:51.990#Z#DEBUG#95691efe-acad-11f1-bceb-eeee0a8894dd.OPERATION#flowable-async-job-executor-thread-28359#
[ComputeNextModulesStep] Completed modules detected: []#
#2026 09 10 00:21:51.990#Z#DEBUG#95691efe-acad-11f1-bceb-eeee0a8894dd.OPERATION#flowable-async-job-executor-thread-28359#
[ComputeNextModulesStep] All modules for deploy detected: [mycapapp-srv, mycapapp-ui, mycapapp-db-deployer]#
#2026 09 10 00:21:51.990#Z#DEBUG#95691efe-acad-11f1-bceb-eeee0a8894dd.OPERATION#flowable-async-job-executor-thread-28359#
[ComputeNextModulesStep] Modules not for deploy detected: []#
#2026 09 10 00:21:51.991#Z#DEBUG#95691efe-acad-11f1-bceb-eeee0a8894dd.OPERATION#flowable-async-job-executor-thread-28359#
[ComputeNextModulesStep] Computed modules for next parallel iteration: [ {
  "majorSchemaVersion" : 3,
  "name" : "mycapapp-ui",
  "type" : "javascript.nodejs",
  "path" : "mycapapp-ui",
  "properties" : { },
  "parameters" : {
    "app-name" : "mycapapp-ui",
    "buildpack" : "nodejs_buildpack",
    "default-app-name" : "mycapapp-ui",
    "default-host" : "18f2d7c5trial-dev-mycapapp-ui",
    "default-instances" : 1,
    "default-live-app-name" : "mycapapp-ui",
    "default-live-domain" : "cfapps.us10-001.hana.ondemand.com",
    "default-live-host" : "18f2d7c5trial-dev-mycapapp-ui",
    "default-live-uri" : "18f2d7c5trial-dev-mycapapp-ui.cfapps.us10-001.hana.ondemand.com",
    "default-live-url" : "https://18f2d7c5trial-dev-mycapapp-ui.cfapps.us10-001.hana.ondemand.com",
    "default-uri" : "18f2d7c5trial-dev-mycapapp-ui.cfapps.us10-001.hana.ondemand.com",
    "default-url" : "https://18f2d7c5trial-dev-mycapapp-ui.cfapps.us10-001.hana.ondemand.com",
    "dependency-type" : "soft",
    "domain" : "cfapps.us10-001.hana.ondemand.com",
    "generated-password" : "********",
    "generated-user" : "********",
    "host" : "18f2d7c5trial-dev-mycapapp-ui",
    "instances" : 1,
    "protocol" : "https"
  },
  "requiredDependencies" : [ {
    "majorSchemaVersion" : 3,
    "name" : "********",
    "properties" : { },
    "parameters" : { },
    "propertiesMetadata" : {
      "metadata" : { }
    },
    "parametersMetadata" : {
      "metadata" : { }
    }
  }, {
    "majorSchemaVersion" : 3,
    "name" : "srv-api",
    "group" : "destinations",
    "properties" : {
      "forwardAuthToken" : "********",
      "name" : "srv-api",
      "strictSSL" : true,
      "url" : "https://18f2d7c5trial-dev-mycapapp-srv.cfapps.us10-001.hana.ondemand.com"
    },
    "parameters" : { },
    "propertiesMetadata" : {
      "metadata" : { }
    },
    "parametersMetadata" : {
      "metadata" : { }
    }
  } ],
  "providedDependencies" : [ {
    "majorSchemaVersion" : 3,
    "name" : "mycapapp-ui",
    "isPublic" : false,
    "properties" : { },
    "parameters" : { },
    "propertiesMetadata" : {
      "metadata" : { }
    },
    "parametersMetadata" : {
      "metadata" : { }
    }
  } ],
  "propertiesMetadata" : {
    "metadata" : { }
  },
  "parametersMetadata" : {
    "metadata" : { }
  },
  "deployedAfter" : [ ],
  "hooks" : [ ]
}, {
  "majorSchemaVersion" : 3,
  "name" : "mycapapp-srv",
  "type" : "javascript.nodejs",
  "path" : "mycapapp-srv",
  "properties" : { },
  "parameters" : {
    "app-name" : "mycapapp-srv",
    "buildpack" : "nodejs_buildpack",
    "default-app-name" : "mycapapp-srv",
    "default-host" : "18f2d7c5trial-dev-mycapapp-srv",
    "default-instances" : 1,
    "default-live-app-name" : "mycapapp-srv",
    "default-live-domain" : "cfapps.us10-001.hana.ondemand.com",
    "default-live-host" : "18f2d7c5trial-dev-mycapapp-srv",
    "default-live-uri" : "18f2d7c5trial-dev-mycapapp-srv.cfapps.us10-001.hana.ondemand.com",
    "default-live-url" : "https://18f2d7c5trial-dev-mycapapp-srv.cfapps.us10-001.hana.ondemand.com",
    "default-uri" : "18f2d7c5trial-dev-mycapapp-srv.cfapps.us10-001.hana.ondemand.com",
    "default-url" : "https://18f2d7c5trial-dev-mycapapp-srv.cfapps.us10-001.hana.ondemand.com",
    "dependency-type" : "soft",
    "domain" : "cfapps.us10-001.hana.ondemand.com",
    "generated-password" : "********",
    "generated-user" : "********",
    "host" : "18f2d7c5trial-dev-mycapapp-srv",
    "instances" : 1,
    "protocol" : "https"
  },
  "requiredDependencies" : [ {
    "majorSchemaVersion" : 3,
    "name" : "********",
    "properties" : { },
    "parameters" : { },
    "propertiesMetadata" : {
      "metadata" : { }
    },
    "parametersMetadata" : {
      "metadata" : { }
    }
  }, {
    "majorSchemaVersion" : 3,
    "name" : "mycapapp-db",
    "properties" : { },
    "parameters" : { },
    "propertiesMetadata" : {
      "metadata" : { }
    },
    "parametersMetadata" : {
      "metadata" : { }
    }
  } ],
  "providedDependencies" : [ {
    "majorSchemaVersion" : 3,
    "name" : "srv-api",
    "isPublic" : false,
    "properties" : {
      "srv-url" : "https://18f2d7c5trial-dev-mycapapp-srv.cfapps.us10-001.hana.ondemand.com"
    },
    "parameters" : { },
    "propertiesMetadata" : {
      "metadata" : { }
    },
    "parametersMetadata" : {
      "metadata" : { }
    }
  }, {
    "majorSchemaVersion" : 3,
    "name" : "mycapapp-srv",
    "isPublic" : false,
    "properties" : { },
    "parameters" : { },
    "propertiesMetadata" : {
      "metadata" : { }
    },
    "parametersMetadata" : {
      "metadata" : { }
    }
  } ],
  "propertiesMetadata" : {
    "metadata" : { }
  },
  "parametersMetadata" : {
    "metadata" : { }
  },
  "deployedAfter" : [ ],
  "hooks" : [ ]
}, {
  "majorSchemaVersion" : 3,
  "name" : "mycapapp-db-deployer",
  "type" : "com.sap.xs.hdi",
  "path" : "mycapapp-db-deployer",
  "properties" : {
    "EXIT" : 1
  },
  "parameters" : {
    "app-name" : "mycapapp-db-deployer",
    "buildpack" : "nodejs_buildpack",
    "default-app-name" : "mycapapp-db-deployer",
    "default-host" : "18f2d7c5trial-dev-mycapapp-db-deployer",
    "default-instances" : 1,
    "default-live-app-name" : "mycapapp-db-deployer",
    "default-live-domain" : "cfapps.us10-001.hana.ondemand.com",
    "default-live-host" : "18f2d7c5trial-dev-mycapapp-db-deployer",
    "default-live-uri" : "18f2d7c5trial-dev-mycapapp-db-deployer.cfapps.us10-001.hana.ondemand.com",
    "default-live-url" : "https://18f2d7c5trial-dev-mycapapp-db-deployer.cfapps.us10-001.hana.ondemand.com",
    "default-uri" : "18f2d7c5trial-dev-mycapapp-db-deployer.cfapps.us10-001.hana.ondemand.com",
    "default-url" : "https://18f2d7c5trial-dev-mycapapp-db-deployer.cfapps.us10-001.hana.ondemand.com",
    "dependency-type" : "hard",
    "domain" : "cfapps.us10-001.hana.ondemand.com",
    "generated-password" : "********",
    "generated-user" : "********",
    "host" : "18f2d7c5trial-dev-mycapapp-db-deployer",
    "instances" : 1,
    "memory" : "256M",
    "no-route" : true,
    "no-start" : true,
    "protocol" : "https",
    "tasks" : [ {
      "command" : "npm start",
      "memory" : "256M",
      "name" : "deploy"
    } ]
  },
  "requiredDependencies" : [ {
    "majorSchemaVersion" : 3,
    "name" : "mycapapp-db",
    "properties" : { },
    "parameters" : { },
    "propertiesMetadata" : {
      "metadata" : { }
    },
    "parametersMetadata" : {
      "metadata" : { }
    }
  } ],
  "providedDependencies" : [ {
    "majorSchemaVersion" : 3,
    "name" : "mycapapp-db-deployer",
    "isPublic" : false,
    "properties" : { },
    "parameters" : { },
    "propertiesMetadata" : {
      "metadata" : { }
    },
    "parametersMetadata" : {
      "metadata" : { }
    }
  } ],
  "propertiesMetadata" : {
    "metadata" : { }
  },
  "parametersMetadata" : {
    "metadata" : { }
  },
  "deployedAfter" : [ ],
  "hooks" : [ ]
} ]#
#2026 09 10 00:21:51.991#Z#DEBUG#95691efe-acad-11f1-bceb-eeee0a8894dd.OPERATION#flowable-async-job-executor-thread-28359#
Step "Compute Next Modules To Deploy" finished#
#2026 09 10 00:21:52.101#Z#DEBUG#95691efe-acad-11f1-bceb-eeee0a8894dd.OPERATION#flowable-async-job-executor-thread-28359#
[ProcessDescriptorStep] Executing task "reprocessDescriptorTask" of process "9ee6c76b-acad-11f1-8160-eeee0a8929a1"...#
#2026 09 10 00:21:52.101#Z#DEBUG#95691efe-acad-11f1-bceb-eeee0a8894dd.OPERATION#flowable-async-job-executor-thread-28359#
[ProcessDescriptorStep] Resolving properties and parameters in merged descriptor...#
#2026 09 10 00:21:52.104#Z#DEBUG#95691efe-acad-11f1-bceb-eeee0a8894dd.OPERATION#flowable-async-job-executor-thread-28359#
[ProcessDescriptorStep] Subscriptions: [ ]#
#2026 09 10 00:21:52.108#Z#DEBUG#95691efe-acad-11f1-bceb-eeee0a8894dd.OPERATION#flowable-async-job-executor-thread-28359#
[ProcessDescriptorStep] MTA modules: [mycapapp-srv, mycapapp-ui, mycapapp-db-deployer]#
#2026 09 10 00:21:52.110#Z#DEBUG#95691efe-acad-11f1-bceb-eeee0a8894dd.OPERATION#flowable-async-job-executor-thread-28359#
[ProcessDescriptorStep] Resolved deployment descriptor: {
  "majorSchemaVersion" : 3,
  "schemaVersion" : "3.3.0",
  "id" : "mycapapp",
  "version" : "1.0.0",
  "modules" : [ {
    "majorSchemaVersion" : 3,
    "name" : "mycapapp-ui",
    "type" : "javascript.nodejs",
    "path" : "mycapapp-ui",
    "properties" : { },
    "parameters" : {
      "default-url" : "https://18f2d7c5trial-dev-mycapapp-ui.cfapps.us10-001.hana.ondemand.com",
      "default-app-name" : "mycapapp-ui",
      "generated-password" : "********",
      "default-live-url" : "https://18f2d7c5trial-dev-mycapapp-ui.cfapps.us10-001.hana.ondemand.com",
      "default-uri" : "18f2d7c5trial-dev-mycapapp-ui.cfapps.us10-001.hana.ondemand.com",
      "default-instances" : 1,
      "default-live-host" : "18f2d7c5trial-dev-mycapapp-ui",
      "instances" : 1,
      "buildpack" : "nodejs_buildpack",
      "default-host" : "18f2d7c5trial-dev-mycapapp-ui",
      "app-name" : "mycapapp-ui",
      "default-live-uri" : "18f2d7c5trial-dev-mycapapp-ui.cfapps.us10-001.hana.ondemand.com",
      "protocol" : "https",
      "default-live-app-name" : "mycapapp-ui",
      "default-live-domain" : "cfapps.us10-001.hana.ondemand.com",
      "domain" : "cfapps.us10-001.hana.ondemand.com",
      "host" : "18f2d7c5trial-dev-mycapapp-ui",
      "generated-user" : "********"
    },
    "requiredDependencies" : [ {
      "majorSchemaVersion" : 3,
      "name" : "********",
      "properties" : { },
      "parameters" : { },
      "propertiesMetadata" : {
        "metadata" : { }
      },
      "parametersMetadata" : {
        "metadata" : { }
      }
    }, {
      "majorSchemaVersion" : 3,
      "name" : "srv-api",
      "group" : "destinations",
      "properties" : {
        "name" : "srv-api",
        "forwardAuthToken" : "********",
        "strictSSL" : true,
        "url" : "https://18f2d7c5trial-dev-mycapapp-srv.cfapps.us10-001.hana.ondemand.com"
      },
      "parameters" : { },
      "propertiesMetadata" : {
        "metadata" : { }
      },
      "parametersMetadata" : {
        "metadata" : { }
      }
    } ],
    "providedDependencies" : [ {
      "majorSchemaVersion" : 3,
      "name" : "mycapapp-ui",
      "isPublic" : false,
      "properties" : { },
      "parameters" : { },
      "propertiesMetadata" : {
        "metadata" : { }
      },
      "parametersMetadata" : {
        "metadata" : { }
      }
    } ],
    "propertiesMetadata" : {
      "metadata" : { }
    },
    "parametersMetadata" : {
      "metadata" : { }
    },
    "hooks" : [ ]
  }, {
    "majorSchemaVersion" : 3,
    "name" : "mycapapp-srv",
    "type" : "javascript.nodejs",
    "path" : "mycapapp-srv",
    "properties" : { },
    "parameters" : {
      "default-url" : "https://18f2d7c5trial-dev-mycapapp-srv.cfapps.us10-001.hana.ondemand.com",
      "default-app-name" : "mycapapp-srv",
      "generated-password" : "********",
      "default-live-url" : "https://18f2d7c5trial-dev-mycapapp-srv.cfapps.us10-001.hana.ondemand.com",
      "default-uri" : "18f2d7c5trial-dev-mycapapp-srv.cfapps.us10-001.hana.ondemand.com",
      "default-instances" : 1,
      "default-live-host" : "18f2d7c5trial-dev-mycapapp-srv",
      "instances" : 1,
      "buildpack" : "nodejs_buildpack",
      "default-host" : "18f2d7c5trial-dev-mycapapp-srv",
      "app-name" : "mycapapp-srv",
      "default-live-uri" : "18f2d7c5trial-dev-mycapapp-srv.cfapps.us10-001.hana.ondemand.com",
      "protocol" : "https",
      "default-live-app-name" : "mycapapp-srv",
      "default-live-domain" : "cfapps.us10-001.hana.ondemand.com",
      "domain" : "cfapps.us10-001.hana.ondemand.com",
      "host" : "18f2d7c5trial-dev-mycapapp-srv",
      "generated-user" : "********"
    },
    "requiredDependencies" : [ {
      "majorSchemaVersion" : 3,
      "name" : "********",
      "properties" : { },
      "parameters" : { },
      "propertiesMetadata" : {
        "metadata" : { }
      },
      "parametersMetadata" : {
        "metadata" : { }
      }
    }, {
      "majorSchemaVersion" : 3,
      "name" : "mycapapp-db",
      "properties" : { },
      "parameters" : { },
      "propertiesMetadata" : {
        "metadata" : { }
      },
      "parametersMetadata" : {
        "metadata" : { }
      }
    } ],
    "providedDependencies" : [ {
      "majorSchemaVersion" : 3,
      "name" : "srv-api",
      "isPublic" : false,
      "properties" : {
        "srv-url" : "https://18f2d7c5trial-dev-mycapapp-srv.cfapps.us10-001.hana.ondemand.com"
      },
      "parameters" : { },
      "propertiesMetadata" : {
        "metadata" : { }
      },
      "parametersMetadata" : {
        "metadata" : { }
      }
    }, {
      "majorSchemaVersion" : 3,
      "name" : "mycapapp-srv",
      "isPublic" : false,
      "properties" : { },
      "parameters" : { },
      "propertiesMetadata" : {
        "metadata" : { }
      },
      "parametersMetadata" : {
        "metadata" : { }
      }
    } ],
    "propertiesMetadata" : {
      "metadata" : { }
    },
    "parametersMetadata" : {
      "metadata" : { }
    },
    "hooks" : [ ]
  }, {
    "majorSchemaVersion" : 3,
    "name" : "mycapapp-db-deployer",
    "type" : "com.sap.xs.hdi",
    "path" : "mycapapp-db-deployer",
    "properties" : {
      "EXIT" : 1
    },
    "parameters" : {
      "default-url" : "https://18f2d7c5trial-dev-mycapapp-db-deployer.cfapps.us10-001.hana.ondemand.com",
      "default-app-name" : "mycapapp-db-deployer",
      "generated-password" : "********",
      "default-live-url" : "https://18f2d7c5trial-dev-mycapapp-db-deployer.cfapps.us10-001.hana.ondemand.com",
      "default-uri" : "18f2d7c5trial-dev-mycapapp-db-deployer.cfapps.us10-001.hana.ondemand.com",
      "memory" : "256M",
      "default-instances" : 1,
      "no-route" : true,
      "default-live-host" : "18f2d7c5trial-dev-mycapapp-db-deployer",
      "instances" : 1,
      "buildpack" : "nodejs_buildpack",
      "default-host" : "18f2d7c5trial-dev-mycapapp-db-deployer",
      "app-name" : "mycapapp-db-deployer",
      "default-live-uri" : "18f2d7c5trial-dev-mycapapp-db-deployer.cfapps.us10-001.hana.ondemand.com",
      "protocol" : "https",
      "default-live-app-name" : "mycapapp-db-deployer",
      "default-live-domain" : "cfapps.us10-001.hana.ondemand.com",
      "dependency-type" : "hard",
      "domain" : "cfapps.us10-001.hana.ondemand.com",
      "host" : "18f2d7c5trial-dev-mycapapp-db-deployer",
      "generated-user" : "********",
      "tasks" : [ {
        "command" : "npm start",
        "memory" : "256M",
        "name" : "deploy"
      } ],
      "no-start" : true
    },
    "requiredDependencies" : [ {
      "majorSchemaVersion" : 3,
      "name" : "mycapapp-db",
      "properties" : { },
      "parameters" : { },
      "propertiesMetadata" : {
        "metadata" : { }
      },
      "parametersMetadata" : {
        "metadata" : { }
      }
    } ],
    "providedDependencies" : [ {
      "majorSchemaVersion" : 3,
      "name" : "mycapapp-db-deployer",
      "isPublic" : false,
      "properties" : { },
      "parameters" : { },
      "propertiesMetadata" : {
        "metadata" : { }
      },
      "parametersMetadata" : {
        "metadata" : { }
      }
    } ],
    "propertiesMetadata" : {
      "metadata" : { }
    },
    "parametersMetadata" : {
      "metadata" : { }
    },
    "hooks" : [ ]
  } ],
  "resources" : [ {
    "majorSchemaVersion" : 3,
    "name" : "********",
    "type" : "org.cloudfoundry.managed-service",
    "properties" : { },
    "parameters" : {
      "generated-password" : "********",
      "path" : "./xs-security.json",
      "service-name" : "********",
      "service-plan" : "application",
      "service" : "xsuaa",
      "generated-user" : "********",
      "default-xsappname" : "********",
      "type" : "managed-service",
      "config" : {
        "oauth2-configuration" : "********",
        "role-collections" : [ {
          "description" : "generated",
          "name" : "Viewer (mycapapp 18f2d7c5trial-dev)",
          "role-template-references" : [ "$XSAPPNAME.Viewer" ]
        }, {
          "description" : "generated",
          "name" : "Editor (mycapapp 18f2d7c5trial-dev)",
          "role-template-references" : [ "$XSAPPNAME.Editor" ]
        }, {
          "description" : "generated",
          "name" : "********",
          "role-template-references" : [ "********" ]
        } ],
        "tenant-mode" : "dedicated",
        "xsappname" : "mycapapp-18f2d7c5trial-dev"
      },
      "default-service-name" : "********",
      "default-container-name" : "********"
    },
    "isActive" : true,
    "isOptional" : false,
    "propertiesMetadata" : {
      "metadata" : { }
    },
    "parametersMetadata" : {
      "metadata" : { }
    },
    "requiredDependencies" : [ ],
    "processedAfter" : [ ]
  }, {
    "majorSchemaVersion" : 3,
    "name" : "mycapapp-db",
    "type" : "com.sap.xs.hdi-container",
    "properties" : { },
    "parameters" : {
      "generated-password" : "********",
      "service-name" : "mycapapp-db",
      "service-plan" : "hdi-shared",
      "service" : "hana",
      "generated-user" : "********",
      "default-xsappname" : "mycapapp-db",
      "type" : "managed-service",
      "default-service-name" : "mycapapp-db",
      "default-container-name" : "18F2D7C5TRIAL_DEV_MYCAPAPP_DB"
    },
    "isActive" : true,
    "isOptional" : false,
    "propertiesMetadata" : {
      "metadata" : { }
    },
    "parametersMetadata" : {
      "metadata" : { }
    },
    "requiredDependencies" : [ ],
    "processedAfter" : [ ]
  } ],
  "parameters" : {
    "mta-id" : "mycapapp",
    "authorization-url" : "********",
    "org-guid" : "8dcffcde-077b-4676-b7c4-6202b5503e6c",
    "org" : "18f2d7c5trial",
    "deploy-target" : "18f2d7c5trial dev",
    "enable-parallel-deployments" : true,
    "region-primary-domain" : "us10.hana.ondemand.com",
    "space" : "dev",
    "region-domain" : "us10-001.hana.ondemand.com",
    "xs-api-url" : "https://api.cf.us10-001.hana.ondemand.com",
    "deploy-url" : "deploy-service.cfapps.us10-001.hana.ondemand.com",
    "xs-type" : "CF",
    "default-domain" : "cfapps.us10-001.hana.ondemand.com",
    "mta-version" : "1.0.0",
    "xs-auth-url" : "********",
    "space-guid" : "e0b56b85-8b5c-4827-aaef-5eb4adf02e14",
    "user" : "********",
    "controller-url" : "https://api.cf.us10-001.hana.ondemand.com",
    "timestamp" : "20260910002136"
  },
  "parametersMetadata" : {
    "metadata" : { }
  }
}#
#2026 09 10 00:21:52.110#Z#DEBUG#95691efe-acad-11f1-bceb-eeee0a8894dd.OPERATION#flowable-async-job-executor-thread-28359#
[ProcessDescriptorStep] Merged descriptor properties and parameters resolved#
#2026 09 10 00:21:52.110#Z#DEBUG#95691efe-acad-11f1-bceb-eeee0a8894dd.OPERATION#flowable-async-job-executor-thread-28359#
Step "Re-Process Descriptor Step" finished#
#2026 09 10 00:21:52.133#Z#DEBUG#95691efe-acad-11f1-bceb-eeee0a8894dd.OPERATION#flowable-async-job-executor-thread-28359#
[BuildApplicationDeployModelStep] Executing task "buildApplicationDeployModelTask" of process "9ee6c76b-acad-11f1-8160-eeee0a8929a1"...#
#2026 09 10 00:21:52.135#Z#DEBUG#95691efe-acad-11f1-bceb-eeee0a8894dd.OPERATION#flowable-async-job-executor-thread-28359#
[BuildApplicationDeployModelStep] Building cloud deployment model for application "mycapapp-ui"...#
#2026 09 10 00:21:52.140#Z#DEBUG#95691efe-acad-11f1-bceb-eeee0a8894dd.OPERATION#flowable-async-job-executor-thread-28359#
[BuildApplicationDeployModelStep] No health-check-type is specified. Setting default type: port#
#2026 09 10 00:21:52.140#Z#INFO#95691efe-acad-11f1-bceb-eeee0a8894dd.OPERATION#flowable-async-job-executor-thread-28359#
[BuildApplicationDeployModelStep] Building configuration entries for org 18f2d7c5trial, space dev, spaceId e0b56b85-8b5c-4827-aaef-5eb4adf02e14 and namespace null!#
#2026 09 10 00:21:52.140#Z#DEBUG#95691efe-acad-11f1-bceb-eeee0a8894dd.OPERATION#flowable-async-job-executor-thread-28359#
[BuildApplicationDeployModelStep] Configuration entries to publish: [ ]#
#2026 09 10 00:21:52.141#Z#DEBUG#95691efe-acad-11f1-bceb-eeee0a8894dd.OPERATION#flowable-async-job-executor-thread-28359#
[BuildApplicationDeployModelStep] Cloud deployment model for application built#
#2026 09 10 00:21:52.141#Z#DEBUG#95691efe-acad-11f1-bceb-eeee0a8894dd.OPERATION#flowable-async-job-executor-thread-28359#
Step "Build Application Deploy Model" finished#
#2026 09 10 00:21:52.168#Z#DEBUG#95691efe-acad-11f1-bceb-eeee0a8894dd.OPERATION#flowable-async-job-executor-thread-28359#
[CreateOrUpdateAppStep] Executing task "createAppTask" of process "9ee6c76b-acad-11f1-8160-eeee0a8929a1"...#
#2026 09 10 00:21:52.169#Z#DEBUG#95691efe-acad-11f1-bceb-eeee0a8894dd.OPERATION#flowable-async-job-executor-thread-28359#
[CreateOrUpdateAppStep] Getting application "mycapapp-ui"...#
#2026 09 10 00:21:52.218#Z#INFO#95691efe-acad-11f1-bceb-eeee0a8894dd.OPERATION#flowable-async-job-executor-thread-28359#
[CreateOrUpdateAppStep] Updating application "mycapapp-ui"...#
#2026 09 10 00:21:52.223#Z#DEBUG#95691efe-acad-11f1-bceb-eeee0a8894dd.OPERATION#flowable-async-job-executor-thread-28359#
[CreateOrUpdateAppStep] Getting process for application "546cc3e8-ed02-46f9-8d9e-b4a654b2f96c"...#
#2026 09 10 00:21:52.250#Z#DEBUG#95691efe-acad-11f1-bceb-eeee0a8894dd.OPERATION#flowable-async-job-executor-thread-28359#
[CreateOrUpdateAppStep] Getting routes for application "546cc3e8-ed02-46f9-8d9e-b4a654b2f96c"...#
#2026 09 10 00:21:52.281#Z#DEBUG#95691efe-acad-11f1-bceb-eeee0a8894dd.OPERATION#flowable-async-job-executor-thread-28359#
[CreateOrUpdateAppStep] Getting features for application "546cc3e8-ed02-46f9-8d9e-b4a654b2f96c"#
#2026 09 10 00:21:52.302#Z#DEBUG#95691efe-acad-11f1-bceb-eeee0a8894dd.OPERATION#flowable-async-job-executor-thread-28359#
[CreateOrUpdateAppStep] Updating staging of application "mycapapp-ui" to: {
  "buildpacks" : [ "nodejs_buildpack" ],
  "healthCheckType" : "port",
  "appFeatures" : { }
}#
#2026 09 10 00:21:52.493#Z#DEBUG#95691efe-acad-11f1-bceb-eeee0a8894dd.OPERATION#flowable-async-job-executor-thread-28359#
[CreateOrUpdateAppStep] Application "mycapapp-ui" updated#
#2026 09 10 00:21:52.493#Z#DEBUG#95691efe-acad-11f1-bceb-eeee0a8894dd.OPERATION#flowable-async-job-executor-thread-28359#
[CreateOrUpdateAppStep] Getting environment of application "546cc3e8-ed02-46f9-8d9e-b4a654b2f96c"...#
#2026 09 10 00:21:52.565#Z#DEBUG#95691efe-acad-11f1-bceb-eeee0a8894dd.OPERATION#flowable-async-job-executor-thread-28359#
[CreateOrUpdateAppStep] Application "mycapapp-ui" updated#
#2026 09 10 00:21:52.565#Z#DEBUG#95691efe-acad-11f1-bceb-eeee0a8894dd.OPERATION#flowable-async-job-executor-thread-28359#
Step "Create App" finished#
#2026 09 10 00:21:52.634#Z#DEBUG#95691efe-acad-11f1-bceb-eeee0a8894dd.OPERATION#flowable-async-job-executor-thread-28359#
[CheckServiceBindingOperationStep] Executing task "checkForServiceBindingOperationInProgress" of process "9f3c13af-acad-11f1-8160-eeee0a8929a1"...#
#2026 09 10 00:21:52.634#Z#DEBUG#95691efe-acad-11f1-bceb-eeee0a8894dd.OPERATION#flowable-async-job-executor-thread-28359#
[CheckServiceBindingOperationStep] Checking for service binding operation in progress between app "mycapapp-ui" and service instance "mycapapp-auth"#
#2026 09 10 00:21:52.635#Z#DEBUG#95691efe-acad-11f1-bceb-eeee0a8894dd.OPERATION#flowable-async-job-executor-thread-28359#
[CheckServiceBindingOperationStep] Getting application guid "mycapapp-ui"...#
#2026 09 10 00:21:52.664#Z#DEBUG#95691efe-acad-11f1-bceb-eeee0a8894dd.OPERATION#flowable-async-job-executor-thread-28359#
[CheckServiceBindingOperationStep] Getting GUID of required service instance "mycapapp-auth"...#
#2026 09 10 00:21:52.691#Z#DEBUG#95691efe-acad-11f1-bceb-eeee0a8894dd.OPERATION#flowable-async-job-executor-thread-28359#
[CheckServiceBindingOperationStep] Getting binding of service instance "1d0dc059-21e3-4b61-bbb0-fae379628114" with application "546cc3e8-ed02-46f9-8d9e-b4a654b2f96c"...#
#2026 09 10 00:21:52.733#Z#DEBUG#95691efe-acad-11f1-bceb-eeee0a8894dd.OPERATION#flowable-async-job-executor-thread-28359#
[CheckServiceBindingOperationStep] Service binding operation "e5909d0d-7f26-4574-868e-8a0099f7b55b" with type "create" is in state "succeeded"#
#2026 09 10 00:21:52.733#Z#DEBUG#95691efe-acad-11f1-bceb-eeee0a8894dd.OPERATION#flowable-async-job-executor-thread-28359#
Step "Check For Service Binding Operation In Progress" finished#
#2026 09 10 00:21:52.756#Z#DEBUG#95691efe-acad-11f1-bceb-eeee0a8894dd.OPERATION#flowable-async-job-executor-thread-28359#
[DetermineApplicationServiceBindingActionsStep] Executing task "determineApplicationServiceBindingActionsTask" of process "9f3c13af-acad-11f1-8160-eeee0a8929a1"...#
#2026 09 10 00:21:52.758#Z#DEBUG#95691efe-acad-11f1-bceb-eeee0a8894dd.OPERATION#flowable-async-job-executor-thread-28359#
[DetermineApplicationServiceBindingActionsStep] Determine bind/unbind operations of application "mycapapp-ui" to service instance "mycapapp-auth"#
#2026 09 10 00:21:52.758#Z#DEBUG#95691efe-acad-11f1-bceb-eeee0a8894dd.OPERATION#flowable-async-job-executor-thread-28359#
[DetermineApplicationServiceBindingActionsStep] Getting application "mycapapp-ui"...#
#2026 09 10 00:21:52.792#Z#DEBUG#95691efe-acad-11f1-bceb-eeee0a8894dd.OPERATION#flowable-async-job-executor-thread-28359#
[DetermineApplicationServiceBindingActionsStep] Binding parameters for application "mycapapp-ui": { }#
#2026 09 10 00:21:52.822#Z#DEBUG#95691efe-acad-11f1-bceb-eeee0a8894dd.OPERATION#flowable-async-job-executor-thread-28359#
[DetermineApplicationServiceBindingActionsStep] Check should rebind application "mycapapp-ui" and service instance "mycapapp-auth"#
#2026 09 10 00:21:52.822#Z#DEBUG#95691efe-acad-11f1-bceb-eeee0a8894dd.OPERATION#flowable-async-job-executor-thread-28359#
[DetermineApplicationServiceBindingActionsStep] Getting GUID of required service instance "mycapapp-auth"...#
#2026 09 10 00:21:52.850#Z#DEBUG#95691efe-acad-11f1-bceb-eeee0a8894dd.OPERATION#flowable-async-job-executor-thread-28359#
[DetermineApplicationServiceBindingActionsStep] Getting binding of service instance "1d0dc059-21e3-4b61-bbb0-fae379628114" with application "546cc3e8-ed02-46f9-8d9e-b4a654b2f96c"...#
#2026 09 10 00:21:52.873#Z#DEBUG#95691efe-acad-11f1-bceb-eeee0a8894dd.OPERATION#flowable-async-job-executor-thread-28359#
[DetermineApplicationServiceBindingActionsStep] Getting parameters of service binding "e5909d0d-7f26-4574-868e-8a0099f7b55b"...#
#2026 09 10 00:21:52.898#Z#WARN#95691efe-acad-11f1-bceb-eeee0a8894dd.OPERATION#flowable-async-job-executor-thread-28359#
[DetermineApplicationServiceBindingActionsStep] Cannot retrieve parameters of binding between application "mycapapp-ui" and service instance "mycapapp-auth"#
#2026 09 10 00:21:52.899#Z#DEBUG#95691efe-acad-11f1-bceb-eeee0a8894dd.OPERATION#flowable-async-job-executor-thread-28359#
[DetermineApplicationServiceBindingActionsStep] Calculated binding operations between application "mycapapp-ui" and service instance "mycapapp-auth": unbind - true bind - true#
#2026 09 10 00:21:52.899#Z#DEBUG#95691efe-acad-11f1-bceb-eeee0a8894dd.OPERATION#flowable-async-job-executor-thread-28359#
Step "Determine Application Service Binding Actions" finished#
#2026 09 10 00:21:52.925#Z#DEBUG#95691efe-acad-11f1-bceb-eeee0a8894dd.OPERATION#flowable-async-job-executor-thread-28359#
[UnbindServiceFromApplicationStep] Executing task "unbindServiceFromApplicationTask" of process "9f3c13af-acad-11f1-8160-eeee0a8929a1"...#
#2026 09 10 00:21:52.927#Z#INFO#95691efe-acad-11f1-bceb-eeee0a8894dd.OPERATION#flowable-async-job-executor-thread-28359#
[UnbindServiceFromApplicationStep] Unbinding service instance "mycapapp-auth" from application "mycapapp-ui"...#
#2026 09 10 00:21:52.930#Z#DEBUG#95691efe-acad-11f1-bceb-eeee0a8894dd.OPERATION#flowable-async-job-executor-thread-28359#
[UnbindServiceFromApplicationStep] Unbinding application "mycapapp-ui" from service instance "mycapapp-auth"...#
#2026 09 10 00:21:53.064#Z#DEBUG#95691efe-acad-11f1-bceb-eeee0a8894dd.OPERATION#flowable-async-job-executor-thread-28359#
Step "Unbind Service from Application" finished#
#2026 09 10 00:21:54.736#Z#DEBUG#95691efe-acad-11f1-bceb-eeee0a8894dd.OPERATION#flowable-async-job-executor-thread-23594#
[ProcessDescriptorStep] Executing task "reprocessDescriptorTask" of process "a077a0a2-acad-11f1-bceb-eeee0a8894dd"...#
#2026 09 10 00:21:54.737#Z#DEBUG#95691efe-acad-11f1-bceb-eeee0a8894dd.OPERATION#flowable-async-job-executor-thread-23594#
[ProcessDescriptorStep] Resolving properties and parameters in merged descriptor...#
#2026 09 10 00:21:54.740#Z#DEBUG#95691efe-acad-11f1-bceb-eeee0a8894dd.OPERATION#flowable-async-job-executor-thread-23594#
[ProcessDescriptorStep] Subscriptions: [ ]#
#2026 09 10 00:21:54.746#Z#DEBUG#95691efe-acad-11f1-bceb-eeee0a8894dd.OPERATION#flowable-async-job-executor-thread-23594#
[ProcessDescriptorStep] MTA modules: [mycapapp-srv, mycapapp-ui, mycapapp-db-deployer]#
#2026 09 10 00:21:54.748#Z#DEBUG#95691efe-acad-11f1-bceb-eeee0a8894dd.OPERATION#flowable-async-job-executor-thread-23594#
[ProcessDescriptorStep] Resolved deployment descriptor: {
  "majorSchemaVersion" : 3,
  "schemaVersion" : "3.3.0",
  "id" : "mycapapp",
  "version" : "1.0.0",
  "modules" : [ {
    "majorSchemaVersion" : 3,
    "name" : "mycapapp-ui",
    "type" : "javascript.nodejs",
    "path" : "mycapapp-ui",
    "properties" : { },
    "parameters" : {
      "default-url" : "https://18f2d7c5trial-dev-mycapapp-ui.cfapps.us10-001.hana.ondemand.com",
      "default-app-name" : "mycapapp-ui",
      "generated-password" : "********",
      "default-live-url" : "https://18f2d7c5trial-dev-mycapapp-ui.cfapps.us10-001.hana.ondemand.com",
      "default-uri" : "18f2d7c5trial-dev-mycapapp-ui.cfapps.us10-001.hana.ondemand.com",
      "default-instances" : 1,
      "default-live-host" : "18f2d7c5trial-dev-mycapapp-ui",
      "instances" : 1,
      "buildpack" : "nodejs_buildpack",
      "default-host" : "18f2d7c5trial-dev-mycapapp-ui",
      "app-name" : "mycapapp-ui",
      "default-live-uri" : "18f2d7c5trial-dev-mycapapp-ui.cfapps.us10-001.hana.ondemand.com",
      "protocol" : "https",
      "default-live-app-name" : "mycapapp-ui",
      "default-live-domain" : "cfapps.us10-001.hana.ondemand.com",
      "domain" : "cfapps.us10-001.hana.ondemand.com",
      "host" : "18f2d7c5trial-dev-mycapapp-ui",
      "generated-user" : "********"
    },
    "requiredDependencies" : [ {
      "majorSchemaVersion" : 3,
      "name" : "********",
      "properties" : { },
      "parameters" : { },
      "propertiesMetadata" : {
        "metadata" : { }
      },
      "parametersMetadata" : {
        "metadata" : { }
      }
    }, {
      "majorSchemaVersion" : 3,
      "name" : "srv-api",
      "group" : "destinations",
      "properties" : {
        "name" : "srv-api",
        "forwardAuthToken" : "********",
        "strictSSL" : true,
        "url" : "https://18f2d7c5trial-dev-mycapapp-srv.cfapps.us10-001.hana.ondemand.com"
      },
      "parameters" : { },
      "propertiesMetadata" : {
        "metadata" : { }
      },
      "parametersMetadata" : {
        "metadata" : { }
      }
    } ],
    "providedDependencies" : [ {
      "majorSchemaVersion" : 3,
      "name" : "mycapapp-ui",
      "isPublic" : false,
      "properties" : { },
      "parameters" : { },
      "propertiesMetadata" : {
        "metadata" : { }
      },
      "parametersMetadata" : {
        "metadata" : { }
      }
    } ],
    "propertiesMetadata" : {
      "metadata" : { }
    },
    "parametersMetadata" : {
      "metadata" : { }
    },
    "hooks" : [ ]
  }, {
    "majorSchemaVersion" : 3,
    "name" : "mycapapp-srv",
    "type" : "javascript.nodejs",
    "path" : "mycapapp-srv",
    "properties" : { },
    "parameters" : {
      "default-url" : "https://18f2d7c5trial-dev-mycapapp-srv.cfapps.us10-001.hana.ondemand.com",
      "default-app-name" : "mycapapp-srv",
      "generated-password" : "********",
      "default-live-url" : "https://18f2d7c5trial-dev-mycapapp-srv.cfapps.us10-001.hana.ondemand.com",
      "default-uri" : "18f2d7c5trial-dev-mycapapp-srv.cfapps.us10-001.hana.ondemand.com",
      "default-instances" : 1,
      "default-live-host" : "18f2d7c5trial-dev-mycapapp-srv",
      "instances" : 1,
      "buildpack" : "nodejs_buildpack",
      "default-host" : "18f2d7c5trial-dev-mycapapp-srv",
      "app-name" : "mycapapp-srv",
      "default-live-uri" : "18f2d7c5trial-dev-mycapapp-srv.cfapps.us10-001.hana.ondemand.com",
      "protocol" : "https",
      "default-live-app-name" : "mycapapp-srv",
      "default-live-domain" : "cfapps.us10-001.hana.ondemand.com",
      "domain" : "cfapps.us10-001.hana.ondemand.com",
      "host" : "18f2d7c5trial-dev-mycapapp-srv",
      "generated-user" : "********"
    },
    "requiredDependencies" : [ {
      "majorSchemaVersion" : 3,
      "name" : "********",
      "properties" : { },
      "parameters" : { },
      "propertiesMetadata" : {
        "metadata" : { }
      },
      "parametersMetadata" : {
        "metadata" : { }
      }
    }, {
      "majorSchemaVersion" : 3,
      "name" : "mycapapp-db",
      "properties" : { },
      "parameters" : { },
      "propertiesMetadata" : {
        "metadata" : { }
      },
      "parametersMetadata" : {
        "metadata" : { }
      }
    } ],
    "providedDependencies" : [ {
      "majorSchemaVersion" : 3,
      "name" : "srv-api",
      "isPublic" : false,
      "properties" : {
        "srv-url" : "https://18f2d7c5trial-dev-mycapapp-srv.cfapps.us10-001.hana.ondemand.com"
      },
      "parameters" : { },
      "propertiesMetadata" : {
        "metadata" : { }
      },
      "parametersMetadata" : {
        "metadata" : { }
      }
    }, {
      "majorSchemaVersion" : 3,
      "name" : "mycapapp-srv",
      "isPublic" : false,
      "properties" : { },
      "parameters" : { },
      "propertiesMetadata" : {
        "metadata" : { }
      },
      "parametersMetadata" : {
        "metadata" : { }
      }
    } ],
    "propertiesMetadata" : {
      "metadata" : { }
    },
    "parametersMetadata" : {
      "metadata" : { }
    },
    "hooks" : [ ]
  }, {
    "majorSchemaVersion" : 3,
    "name" : "mycapapp-db-deployer",
    "type" : "com.sap.xs.hdi",
    "path" : "mycapapp-db-deployer",
    "properties" : {
      "EXIT" : 1
    },
    "parameters" : {
      "default-url" : "https://18f2d7c5trial-dev-mycapapp-db-deployer.cfapps.us10-001.hana.ondemand.com",
      "default-app-name" : "mycapapp-db-deployer",
      "generated-password" : "********",
      "default-live-url" : "https://18f2d7c5trial-dev-mycapapp-db-deployer.cfapps.us10-001.hana.ondemand.com",
      "default-uri" : "18f2d7c5trial-dev-mycapapp-db-deployer.cfapps.us10-001.hana.ondemand.com",
      "memory" : "256M",
      "default-instances" : 1,
      "no-route" : true,
      "default-live-host" : "18f2d7c5trial-dev-mycapapp-db-deployer",
      "instances" : 1,
      "buildpack" : "nodejs_buildpack",
      "default-host" : "18f2d7c5trial-dev-mycapapp-db-deployer",
      "app-name" : "mycapapp-db-deployer",
      "default-live-uri" : "18f2d7c5trial-dev-mycapapp-db-deployer.cfapps.us10-001.hana.ondemand.com",
      "protocol" : "https",
      "default-live-app-name" : "mycapapp-db-deployer",
      "default-live-domain" : "cfapps.us10-001.hana.ondemand.com",
      "dependency-type" : "hard",
      "domain" : "cfapps.us10-001.hana.ondemand.com",
      "host" : "18f2d7c5trial-dev-mycapapp-db-deployer",
      "generated-user" : "********",
      "tasks" : [ {
        "command" : "npm start",
        "memory" : "256M",
        "name" : "deploy"
      } ],
      "no-start" : true
    },
    "requiredDependencies" : [ {
      "majorSchemaVersion" : 3,
      "name" : "mycapapp-db",
      "properties" : { },
      "parameters" : { },
      "propertiesMetadata" : {
        "metadata" : { }
      },
      "parametersMetadata" : {
        "metadata" : { }
      }
    } ],
    "providedDependencies" : [ {
      "majorSchemaVersion" : 3,
      "name" : "mycapapp-db-deployer",
      "isPublic" : false,
      "properties" : { },
      "parameters" : { },
      "propertiesMetadata" : {
        "metadata" : { }
      },
      "parametersMetadata" : {
        "metadata" : { }
      }
    } ],
    "propertiesMetadata" : {
      "metadata" : { }
    },
    "parametersMetadata" : {
      "metadata" : { }
    },
    "hooks" : [ ]
  } ],
  "resources" : [ {
    "majorSchemaVersion" : 3,
    "name" : "********",
    "type" : "org.cloudfoundry.managed-service",
    "properties" : { },
    "parameters" : {
      "generated-password" : "********",
      "path" : "./xs-security.json",
      "service-name" : "********",
      "service-plan" : "application",
      "service" : "xsuaa",
      "generated-user" : "********",
      "default-xsappname" : "********",
      "type" : "managed-service",
      "config" : {
        "oauth2-configuration" : "********",
        "role-collections" : [ {
          "description" : "generated",
          "name" : "Viewer (mycapapp 18f2d7c5trial-dev)",
          "role-template-references" : [ "$XSAPPNAME.Viewer" ]
        }, {
          "description" : "generated",
          "name" : "Editor (mycapapp 18f2d7c5trial-dev)",
          "role-template-references" : [ "$XSAPPNAME.Editor" ]
        }, {
          "description" : "generated",
          "name" : "********",
          "role-template-references" : [ "********" ]
        } ],
        "tenant-mode" : "dedicated",
        "xsappname" : "mycapapp-18f2d7c5trial-dev"
      },
      "default-service-name" : "********",
      "default-container-name" : "********"
    },
    "isActive" : true,
    "isOptional" : false,
    "propertiesMetadata" : {
      "metadata" : { }
    },
    "parametersMetadata" : {
      "metadata" : { }
    },
    "requiredDependencies" : [ ],
    "processedAfter" : [ ]
  }, {
    "majorSchemaVersion" : 3,
    "name" : "mycapapp-db",
    "type" : "com.sap.xs.hdi-container",
    "properties" : { },
    "parameters" : {
      "generated-password" : "********",
      "service-name" : "mycapapp-db",
      "service-plan" : "hdi-shared",
      "service" : "hana",
      "generated-user" : "********",
      "default-xsappname" : "mycapapp-db",
      "type" : "managed-service",
      "default-service-name" : "mycapapp-db",
      "default-container-name" : "18F2D7C5TRIAL_DEV_MYCAPAPP_DB"
    },
    "isActive" : true,
    "isOptional" : false,
    "propertiesMetadata" : {
      "metadata" : { }
    },
    "parametersMetadata" : {
      "metadata" : { }
    },
    "requiredDependencies" : [ ],
    "processedAfter" : [ ]
  } ],
  "parameters" : {
    "mta-id" : "mycapapp",
    "authorization-url" : "********",
    "org-guid" : "8dcffcde-077b-4676-b7c4-6202b5503e6c",
    "org" : "18f2d7c5trial",
    "deploy-target" : "18f2d7c5trial dev",
    "enable-parallel-deployments" : true,
    "region-primary-domain" : "us10.hana.ondemand.com",
    "space" : "dev",
    "region-domain" : "us10-001.hana.ondemand.com",
    "xs-api-url" : "https://api.cf.us10-001.hana.ondemand.com",
    "deploy-url" : "deploy-service.cfapps.us10-001.hana.ondemand.com",
    "xs-type" : "CF",
    "default-domain" : "cfapps.us10-001.hana.ondemand.com",
    "mta-version" : "1.0.0",
    "xs-auth-url" : "********",
    "space-guid" : "e0b56b85-8b5c-4827-aaef-5eb4adf02e14",
    "user" : "********",
    "controller-url" : "https://api.cf.us10-001.hana.ondemand.com",
    "timestamp" : "20260910002136"
  },
  "parametersMetadata" : {
    "metadata" : { }
  }
}#
#2026 09 10 00:21:54.748#Z#DEBUG#95691efe-acad-11f1-bceb-eeee0a8894dd.OPERATION#flowable-async-job-executor-thread-23594#
[ProcessDescriptorStep] Merged descriptor properties and parameters resolved#
#2026 09 10 00:21:54.748#Z#DEBUG#95691efe-acad-11f1-bceb-eeee0a8894dd.OPERATION#flowable-async-job-executor-thread-23594#
Step "Re-Process Descriptor Step" finished#
#2026 09 10 00:21:54.774#Z#DEBUG#95691efe-acad-11f1-bceb-eeee0a8894dd.OPERATION#flowable-async-job-executor-thread-23595#
[BuildApplicationDeployModelStep] Executing task "buildApplicationDeployModelTask" of process "a077a0a2-acad-11f1-bceb-eeee0a8894dd"...#
#2026 09 10 00:21:54.777#Z#DEBUG#95691efe-acad-11f1-bceb-eeee0a8894dd.OPERATION#flowable-async-job-executor-thread-23595#
[BuildApplicationDeployModelStep] Building cloud deployment model for application "mycapapp-srv"...#
#2026 09 10 00:21:54.781#Z#DEBUG#95691efe-acad-11f1-bceb-eeee0a8894dd.OPERATION#flowable-async-job-executor-thread-23595#
[BuildApplicationDeployModelStep] No health-check-type is specified. Setting default type: port#
#2026 09 10 00:21:54.781#Z#INFO#95691efe-acad-11f1-bceb-eeee0a8894dd.OPERATION#flowable-async-job-executor-thread-23595#
[BuildApplicationDeployModelStep] Building configuration entries for org 18f2d7c5trial, space dev, spaceId e0b56b85-8b5c-4827-aaef-5eb4adf02e14 and namespace null!#
#2026 09 10 00:21:54.782#Z#DEBUG#95691efe-acad-11f1-bceb-eeee0a8894dd.OPERATION#flowable-async-job-executor-thread-23595#
[BuildApplicationDeployModelStep] Configuration entries to publish: [ ]#
#2026 09 10 00:21:54.782#Z#DEBUG#95691efe-acad-11f1-bceb-eeee0a8894dd.OPERATION#flowable-async-job-executor-thread-23595#
[BuildApplicationDeployModelStep] Cloud deployment model for application built#
#2026 09 10 00:21:54.782#Z#DEBUG#95691efe-acad-11f1-bceb-eeee0a8894dd.OPERATION#flowable-async-job-executor-thread-23595#
Step "Build Application Deploy Model" finished#
#2026 09 10 00:21:54.816#Z#DEBUG#95691efe-acad-11f1-bceb-eeee0a8894dd.OPERATION#flowable-async-job-executor-thread-23596#
[CreateOrUpdateAppStep] Executing task "createAppTask" of process "a077a0a2-acad-11f1-bceb-eeee0a8894dd"...#
#2026 09 10 00:21:54.817#Z#DEBUG#95691efe-acad-11f1-bceb-eeee0a8894dd.OPERATION#flowable-async-job-executor-thread-23596#
[CreateOrUpdateAppStep] Getting application "mycapapp-srv"...#
#2026 09 10 00:21:54.851#Z#INFO#95691efe-acad-11f1-bceb-eeee0a8894dd.OPERATION#flowable-async-job-executor-thread-23596#
[CreateOrUpdateAppStep] Updating application "mycapapp-srv"...#
#2026 09 10 00:21:54.857#Z#DEBUG#95691efe-acad-11f1-bceb-eeee0a8894dd.OPERATION#flowable-async-job-executor-thread-23596#
[CreateOrUpdateAppStep] Getting process for application "3005b015-2937-4589-811f-cd9a45fbef58"...#
#2026 09 10 00:21:54.888#Z#DEBUG#95691efe-acad-11f1-bceb-eeee0a8894dd.OPERATION#flowable-async-job-executor-thread-23596#
[CreateOrUpdateAppStep] Getting routes for application "3005b015-2937-4589-811f-cd9a45fbef58"...#
#2026 09 10 00:21:54.916#Z#DEBUG#95691efe-acad-11f1-bceb-eeee0a8894dd.OPERATION#flowable-async-job-executor-thread-23596#
[CreateOrUpdateAppStep] Getting features for application "3005b015-2937-4589-811f-cd9a45fbef58"#
#2026 09 10 00:21:54.936#Z#DEBUG#95691efe-acad-11f1-bceb-eeee0a8894dd.OPERATION#flowable-async-job-executor-thread-23596#
[CreateOrUpdateAppStep] Updating staging of application "mycapapp-srv" to: {
  "buildpacks" : [ "nodejs_buildpack" ],
  "healthCheckType" : "port",
  "appFeatures" : { }
}#
#2026 09 10 00:21:55.333#Z#DEBUG#95691efe-acad-11f1-bceb-eeee0a8894dd.OPERATION#flowable-async-job-executor-thread-23596#
[CreateOrUpdateAppStep] Application "mycapapp-srv" updated#
#2026 09 10 00:21:55.333#Z#DEBUG#95691efe-acad-11f1-bceb-eeee0a8894dd.OPERATION#flowable-async-job-executor-thread-23596#
[CreateOrUpdateAppStep] Getting environment of application "3005b015-2937-4589-811f-cd9a45fbef58"...#
#2026 09 10 00:21:55.485#Z#DEBUG#95691efe-acad-11f1-bceb-eeee0a8894dd.OPERATION#flowable-async-job-executor-thread-23596#
[CreateOrUpdateAppStep] Application "mycapapp-srv" updated#
#2026 09 10 00:21:55.485#Z#DEBUG#95691efe-acad-11f1-bceb-eeee0a8894dd.OPERATION#flowable-async-job-executor-thread-23596#
Step "Create App" finished#
#2026 09 10 00:21:55.570#Z#DEBUG#95691efe-acad-11f1-bceb-eeee0a8894dd.OPERATION#flowable-async-job-executor-thread-23599#
[CheckServiceBindingOperationStep] Executing task "checkForServiceBindingOperationInProgress" of process "a0fb76fb-acad-11f1-bceb-eeee0a8894dd"...#
#2026 09 10 00:21:55.570#Z#DEBUG#95691efe-acad-11f1-bceb-eeee0a8894dd.OPERATION#flowable-async-job-executor-thread-23599#
[CheckServiceBindingOperationStep] Checking for service binding operation in progress between app "mycapapp-srv" and service instance "mycapapp-db"#
#2026 09 10 00:21:55.571#Z#DEBUG#95691efe-acad-11f1-bceb-eeee0a8894dd.OPERATION#flowable-async-job-executor-thread-23599#
[CheckServiceBindingOperationStep] Getting application guid "mycapapp-srv"...#
#2026 09 10 00:21:55.603#Z#DEBUG#95691efe-acad-11f1-bceb-eeee0a8894dd.OPERATION#flowable-async-job-executor-thread-23599#
[CheckServiceBindingOperationStep] Getting GUID of required service instance "mycapapp-db"...#
#2026 09 10 00:21:55.632#Z#DEBUG#95691efe-acad-11f1-bceb-eeee0a8894dd.OPERATION#flowable-async-job-executor-thread-23599#
[CheckServiceBindingOperationStep] Getting binding of service instance "cddbf880-0000-4bf2-9250-66f67538c4f3" with application "3005b015-2937-4589-811f-cd9a45fbef58"...#
#2026 09 10 00:21:55.661#Z#DEBUG#95691efe-acad-11f1-bceb-eeee0a8894dd.OPERATION#flowable-async-job-executor-thread-23599#
[CheckServiceBindingOperationStep] Service binding operation "4928f7c5-e7a8-419f-b1b1-27be68e05182" with type "create" is in state "succeeded"#
#2026 09 10 00:21:55.662#Z#DEBUG#95691efe-acad-11f1-bceb-eeee0a8894dd.OPERATION#flowable-async-job-executor-thread-23599#
Step "Check For Service Binding Operation In Progress" finished#
#2026 09 10 00:21:55.684#Z#DEBUG#95691efe-acad-11f1-bceb-eeee0a8894dd.OPERATION#flowable-async-job-executor-thread-23599#
[DetermineApplicationServiceBindingActionsStep] Executing task "determineApplicationServiceBindingActionsTask" of process "a0fb76fb-acad-11f1-bceb-eeee0a8894dd"...#
#2026 09 10 00:21:55.686#Z#DEBUG#95691efe-acad-11f1-bceb-eeee0a8894dd.OPERATION#flowable-async-job-executor-thread-23599#
[DetermineApplicationServiceBindingActionsStep] Determine bind/unbind operations of application "mycapapp-srv" to service instance "mycapapp-db"#
#2026 09 10 00:21:55.686#Z#DEBUG#95691efe-acad-11f1-bceb-eeee0a8894dd.OPERATION#flowable-async-job-executor-thread-23599#
[DetermineApplicationServiceBindingActionsStep] Getting application "mycapapp-srv"...#
#2026 09 10 00:21:55.743#Z#DEBUG#95691efe-acad-11f1-bceb-eeee0a8894dd.OPERATION#flowable-async-job-executor-thread-23599#
[DetermineApplicationServiceBindingActionsStep] Binding parameters for application "mycapapp-srv": { }#
#2026 09 10 00:21:55.772#Z#DEBUG#95691efe-acad-11f1-bceb-eeee0a8894dd.OPERATION#flowable-async-job-executor-thread-23599#
[DetermineApplicationServiceBindingActionsStep] Check should rebind application "mycapapp-srv" and service instance "mycapapp-db"#
#2026 09 10 00:21:55.772#Z#DEBUG#95691efe-acad-11f1-bceb-eeee0a8894dd.OPERATION#flowable-async-job-executor-thread-23599#
[DetermineApplicationServiceBindingActionsStep] Getting GUID of required service instance "mycapapp-db"...#
#2026 09 10 00:21:55.803#Z#DEBUG#95691efe-acad-11f1-bceb-eeee0a8894dd.OPERATION#flowable-async-job-executor-thread-23599#
[DetermineApplicationServiceBindingActionsStep] Getting binding of service instance "cddbf880-0000-4bf2-9250-66f67538c4f3" with application "3005b015-2937-4589-811f-cd9a45fbef58"...#
#2026 09 10 00:21:55.836#Z#DEBUG#95691efe-acad-11f1-bceb-eeee0a8894dd.OPERATION#flowable-async-job-executor-thread-23599#
[DetermineApplicationServiceBindingActionsStep] Getting parameters of service binding "4928f7c5-e7a8-419f-b1b1-27be68e05182"...#
#2026 09 10 00:21:56.032#Z#INFO#95691efe-acad-11f1-bceb-eeee0a8894dd.OPERATION#flowable-async-job-executor-thread-23599#
[DetermineApplicationServiceBindingActionsStep] Service instance "mycapapp-db" will not be rebound to application "mycapapp-srv" because the binding parameters are not modified#
#2026 09 10 00:21:56.037#Z#DEBUG#95691efe-acad-11f1-bceb-eeee0a8894dd.OPERATION#flowable-async-job-executor-thread-23599#
[DetermineApplicationServiceBindingActionsStep] Calculated binding operations between application "mycapapp-srv" and service instance "mycapapp-db": unbind - false bind - false#
#2026 09 10 00:21:56.037#Z#DEBUG#95691efe-acad-11f1-bceb-eeee0a8894dd.OPERATION#flowable-async-job-executor-thread-23599#
Step "Determine Application Service Binding Actions" finished#
#2026 09 10 00:21:57.734#Z#DEBUG#95691efe-acad-11f1-bceb-eeee0a8894dd.OPERATION#flowable-async-job-executor-thread-28363#
[ProcessDescriptorStep] Executing task "reprocessDescriptorTask" of process "a24227a0-acad-11f1-8160-eeee0a8929a1"...#
#2026 09 10 00:21:57.735#Z#DEBUG#95691efe-acad-11f1-bceb-eeee0a8894dd.OPERATION#flowable-async-job-executor-thread-28363#
[ProcessDescriptorStep] Resolving properties and parameters in merged descriptor...#
#2026 09 10 00:21:57.738#Z#DEBUG#95691efe-acad-11f1-bceb-eeee0a8894dd.OPERATION#flowable-async-job-executor-thread-28363#
[ProcessDescriptorStep] Subscriptions: [ ]#
#2026 09 10 00:21:57.743#Z#DEBUG#95691efe-acad-11f1-bceb-eeee0a8894dd.OPERATION#flowable-async-job-executor-thread-28363#
[ProcessDescriptorStep] MTA modules: [mycapapp-srv, mycapapp-ui, mycapapp-db-deployer]#
#2026 09 10 00:21:57.745#Z#DEBUG#95691efe-acad-11f1-bceb-eeee0a8894dd.OPERATION#flowable-async-job-executor-thread-28363#
[ProcessDescriptorStep] Resolved deployment descriptor: {
  "majorSchemaVersion" : 3,
  "schemaVersion" : "3.3.0",
  "id" : "mycapapp",
  "version" : "1.0.0",
  "modules" : [ {
    "majorSchemaVersion" : 3,
    "name" : "mycapapp-ui",
    "type" : "javascript.nodejs",
    "path" : "mycapapp-ui",
    "properties" : { },
    "parameters" : {
      "default-url" : "https://18f2d7c5trial-dev-mycapapp-ui.cfapps.us10-001.hana.ondemand.com",
      "default-app-name" : "mycapapp-ui",
      "generated-password" : "********",
      "default-live-url" : "https://18f2d7c5trial-dev-mycapapp-ui.cfapps.us10-001.hana.ondemand.com",
      "default-uri" : "18f2d7c5trial-dev-mycapapp-ui.cfapps.us10-001.hana.ondemand.com",
      "default-instances" : 1,
      "default-live-host" : "18f2d7c5trial-dev-mycapapp-ui",
      "instances" : 1,
      "buildpack" : "nodejs_buildpack",
      "default-host" : "18f2d7c5trial-dev-mycapapp-ui",
      "app-name" : "mycapapp-ui",
      "default-live-uri" : "18f2d7c5trial-dev-mycapapp-ui.cfapps.us10-001.hana.ondemand.com",
      "protocol" : "https",
      "default-live-app-name" : "mycapapp-ui",
      "default-live-domain" : "cfapps.us10-001.hana.ondemand.com",
      "domain" : "cfapps.us10-001.hana.ondemand.com",
      "host" : "18f2d7c5trial-dev-mycapapp-ui",
      "generated-user" : "********"
    },
    "requiredDependencies" : [ {
      "majorSchemaVersion" : 3,
      "name" : "********",
      "properties" : { },
      "parameters" : { },
      "propertiesMetadata" : {
        "metadata" : { }
      },
      "parametersMetadata" : {
        "metadata" : { }
      }
    }, {
      "majorSchemaVersion" : 3,
      "name" : "srv-api",
      "group" : "destinations",
      "properties" : {
        "name" : "srv-api",
        "forwardAuthToken" : "********",
        "strictSSL" : true,
        "url" : "https://18f2d7c5trial-dev-mycapapp-srv.cfapps.us10-001.hana.ondemand.com"
      },
      "parameters" : { },
      "propertiesMetadata" : {
        "metadata" : { }
      },
      "parametersMetadata" : {
        "metadata" : { }
      }
    } ],
    "providedDependencies" : [ {
      "majorSchemaVersion" : 3,
      "name" : "mycapapp-ui",
      "isPublic" : false,
      "properties" : { },
      "parameters" : { },
      "propertiesMetadata" : {
        "metadata" : { }
      },
      "parametersMetadata" : {
        "metadata" : { }
      }
    } ],
    "propertiesMetadata" : {
      "metadata" : { }
    },
    "parametersMetadata" : {
      "metadata" : { }
    },
    "hooks" : [ ]
  }, {
    "majorSchemaVersion" : 3,
    "name" : "mycapapp-srv",
    "type" : "javascript.nodejs",
    "path" : "mycapapp-srv",
    "properties" : { },
    "parameters" : {
      "default-url" : "https://18f2d7c5trial-dev-mycapapp-srv.cfapps.us10-001.hana.ondemand.com",
      "default-app-name" : "mycapapp-srv",
      "generated-password" : "********",
      "default-live-url" : "https://18f2d7c5trial-dev-mycapapp-srv.cfapps.us10-001.hana.ondemand.com",
      "default-uri" : "18f2d7c5trial-dev-mycapapp-srv.cfapps.us10-001.hana.ondemand.com",
      "default-instances" : 1,
      "default-live-host" : "18f2d7c5trial-dev-mycapapp-srv",
      "instances" : 1,
      "buildpack" : "nodejs_buildpack",
      "default-host" : "18f2d7c5trial-dev-mycapapp-srv",
      "app-name" : "mycapapp-srv",
      "default-live-uri" : "18f2d7c5trial-dev-mycapapp-srv.cfapps.us10-001.hana.ondemand.com",
      "protocol" : "https",
      "default-live-app-name" : "mycapapp-srv",
      "default-live-domain" : "cfapps.us10-001.hana.ondemand.com",
      "domain" : "cfapps.us10-001.hana.ondemand.com",
      "host" : "18f2d7c5trial-dev-mycapapp-srv",
      "generated-user" : "********"
    },
    "requiredDependencies" : [ {
      "majorSchemaVersion" : 3,
      "name" : "********",
      "properties" : { },
      "parameters" : { },
      "propertiesMetadata" : {
        "metadata" : { }
      },
      "parametersMetadata" : {
        "metadata" : { }
      }
    }, {
      "majorSchemaVersion" : 3,
      "name" : "mycapapp-db",
      "properties" : { },
      "parameters" : { },
      "propertiesMetadata" : {
        "metadata" : { }
      },
      "parametersMetadata" : {
        "metadata" : { }
      }
    } ],
    "providedDependencies" : [ {
      "majorSchemaVersion" : 3,
      "name" : "srv-api",
      "isPublic" : false,
      "properties" : {
        "srv-url" : "https://18f2d7c5trial-dev-mycapapp-srv.cfapps.us10-001.hana.ondemand.com"
      },
      "parameters" : { },
      "propertiesMetadata" : {
        "metadata" : { }
      },
      "parametersMetadata" : {
        "metadata" : { }
      }
    }, {
      "majorSchemaVersion" : 3,
      "name" : "mycapapp-srv",
      "isPublic" : false,
      "properties" : { },
      "parameters" : { },
      "propertiesMetadata" : {
        "metadata" : { }
      },
      "parametersMetadata" : {
        "metadata" : { }
      }
    } ],
    "propertiesMetadata" : {
      "metadata" : { }
    },
    "parametersMetadata" : {
      "metadata" : { }
    },
    "hooks" : [ ]
  }, {
    "majorSchemaVersion" : 3,
    "name" : "mycapapp-db-deployer",
    "type" : "com.sap.xs.hdi",
    "path" : "mycapapp-db-deployer",
    "properties" : {
      "EXIT" : 1
    },
    "parameters" : {
      "default-url" : "https://18f2d7c5trial-dev-mycapapp-db-deployer.cfapps.us10-001.hana.ondemand.com",
      "default-app-name" : "mycapapp-db-deployer",
      "generated-password" : "********",
      "default-live-url" : "https://18f2d7c5trial-dev-mycapapp-db-deployer.cfapps.us10-001.hana.ondemand.com",
      "default-uri" : "18f2d7c5trial-dev-mycapapp-db-deployer.cfapps.us10-001.hana.ondemand.com",
      "memory" : "256M",
      "default-instances" : 1,
      "no-route" : true,
      "default-live-host" : "18f2d7c5trial-dev-mycapapp-db-deployer",
      "instances" : 1,
      "buildpack" : "nodejs_buildpack",
      "default-host" : "18f2d7c5trial-dev-mycapapp-db-deployer",
      "app-name" : "mycapapp-db-deployer",
      "default-live-uri" : "18f2d7c5trial-dev-mycapapp-db-deployer.cfapps.us10-001.hana.ondemand.com",
      "protocol" : "https",
      "default-live-app-name" : "mycapapp-db-deployer",
      "default-live-domain" : "cfapps.us10-001.hana.ondemand.com",
      "dependency-type" : "hard",
      "domain" : "cfapps.us10-001.hana.ondemand.com",
      "host" : "18f2d7c5trial-dev-mycapapp-db-deployer",
      "generated-user" : "********",
      "tasks" : [ {
        "command" : "npm start",
        "memory" : "256M",
        "name" : "deploy"
      } ],
      "no-start" : true
    },
    "requiredDependencies" : [ {
      "majorSchemaVersion" : 3,
      "name" : "mycapapp-db",
      "properties" : { },
      "parameters" : { },
      "propertiesMetadata" : {
        "metadata" : { }
      },
      "parametersMetadata" : {
        "metadata" : { }
      }
    } ],
    "providedDependencies" : [ {
      "majorSchemaVersion" : 3,
      "name" : "mycapapp-db-deployer",
      "isPublic" : false,
      "properties" : { },
      "parameters" : { },
      "propertiesMetadata" : {
        "metadata" : { }
      },
      "parametersMetadata" : {
        "metadata" : { }
      }
    } ],
    "propertiesMetadata" : {
      "metadata" : { }
    },
    "parametersMetadata" : {
      "metadata" : { }
    },
    "hooks" : [ ]
  } ],
  "resources" : [ {
    "majorSchemaVersion" : 3,
    "name" : "********",
    "type" : "org.cloudfoundry.managed-service",
    "properties" : { },
    "parameters" : {
      "generated-password" : "********",
      "path" : "./xs-security.json",
      "service-name" : "********",
      "service-plan" : "application",
      "service" : "xsuaa",
      "generated-user" : "********",
      "default-xsappname" : "********",
      "type" : "managed-service",
      "config" : {
        "oauth2-configuration" : "********",
        "role-collections" : [ {
          "description" : "generated",
          "name" : "Viewer (mycapapp 18f2d7c5trial-dev)",
          "role-template-references" : [ "$XSAPPNAME.Viewer" ]
        }, {
          "description" : "generated",
          "name" : "Editor (mycapapp 18f2d7c5trial-dev)",
          "role-template-references" : [ "$XSAPPNAME.Editor" ]
        }, {
          "description" : "generated",
          "name" : "********",
          "role-template-references" : [ "********" ]
        } ],
        "tenant-mode" : "dedicated",
        "xsappname" : "mycapapp-18f2d7c5trial-dev"
      },
      "default-service-name" : "********",
      "default-container-name" : "********"
    },
    "isActive" : true,
    "isOptional" : false,
    "propertiesMetadata" : {
      "metadata" : { }
    },
    "parametersMetadata" : {
      "metadata" : { }
    },
    "requiredDependencies" : [ ],
    "processedAfter" : [ ]
  }, {
    "majorSchemaVersion" : 3,
    "name" : "mycapapp-db",
    "type" : "com.sap.xs.hdi-container",
    "properties" : { },
    "parameters" : {
      "generated-password" : "********",
      "service-name" : "mycapapp-db",
      "service-plan" : "hdi-shared",
      "service" : "hana",
      "generated-user" : "********",
      "default-xsappname" : "mycapapp-db",
      "type" : "managed-service",
      "default-service-name" : "mycapapp-db",
      "default-container-name" : "18F2D7C5TRIAL_DEV_MYCAPAPP_DB"
    },
    "isActive" : true,
    "isOptional" : false,
    "propertiesMetadata" : {
      "metadata" : { }
    },
    "parametersMetadata" : {
      "metadata" : { }
    },
    "requiredDependencies" : [ ],
    "processedAfter" : [ ]
  } ],
  "parameters" : {
    "mta-id" : "mycapapp",
    "authorization-url" : "********",
    "org-guid" : "8dcffcde-077b-4676-b7c4-6202b5503e6c",
    "org" : "18f2d7c5trial",
    "deploy-target" : "18f2d7c5trial dev",
    "enable-parallel-deployments" : true,
    "region-primary-domain" : "us10.hana.ondemand.com",
    "space" : "dev",
    "region-domain" : "us10-001.hana.ondemand.com",
    "xs-api-url" : "https://api.cf.us10-001.hana.ondemand.com",
    "deploy-url" : "deploy-service.cfapps.us10-001.hana.ondemand.com",
    "xs-type" : "CF",
    "default-domain" : "cfapps.us10-001.hana.ondemand.com",
    "mta-version" : "1.0.0",
    "xs-auth-url" : "********",
    "space-guid" : "e0b56b85-8b5c-4827-aaef-5eb4adf02e14",
    "user" : "********",
    "controller-url" : "https://api.cf.us10-001.hana.ondemand.com",
    "timestamp" : "20260910002136"
  },
  "parametersMetadata" : {
    "metadata" : { }
  }
}#
#2026 09 10 00:21:57.745#Z#DEBUG#95691efe-acad-11f1-bceb-eeee0a8894dd.OPERATION#flowable-async-job-executor-thread-28363#
[ProcessDescriptorStep] Merged descriptor properties and parameters resolved#
#2026 09 10 00:21:57.745#Z#DEBUG#95691efe-acad-11f1-bceb-eeee0a8894dd.OPERATION#flowable-async-job-executor-thread-28363#
Step "Re-Process Descriptor Step" finished#
#2026 09 10 00:21:57.770#Z#DEBUG#95691efe-acad-11f1-bceb-eeee0a8894dd.OPERATION#flowable-async-job-executor-thread-28364#
[BuildApplicationDeployModelStep] Executing task "buildApplicationDeployModelTask" of process "a24227a0-acad-11f1-8160-eeee0a8929a1"...#
#2026 09 10 00:21:57.772#Z#DEBUG#95691efe-acad-11f1-bceb-eeee0a8894dd.OPERATION#flowable-async-job-executor-thread-28364#
[BuildApplicationDeployModelStep] Building cloud deployment model for application "mycapapp-db-deployer"...#
#2026 09 10 00:21:57.776#Z#DEBUG#95691efe-acad-11f1-bceb-eeee0a8894dd.OPERATION#flowable-async-job-executor-thread-28364#
[BuildApplicationDeployModelStep] No health-check-type is specified. Setting default type: port#
#2026 09 10 00:21:57.777#Z#INFO#95691efe-acad-11f1-bceb-eeee0a8894dd.OPERATION#flowable-async-job-executor-thread-28364#
[BuildApplicationDeployModelStep] Building configuration entries for org 18f2d7c5trial, space dev, spaceId e0b56b85-8b5c-4827-aaef-5eb4adf02e14 and namespace null!#
#2026 09 10 00:21:57.777#Z#DEBUG#95691efe-acad-11f1-bceb-eeee0a8894dd.OPERATION#flowable-async-job-executor-thread-28364#
[BuildApplicationDeployModelStep] Configuration entries to publish: [ ]#
#2026 09 10 00:21:57.777#Z#DEBUG#95691efe-acad-11f1-bceb-eeee0a8894dd.OPERATION#flowable-async-job-executor-thread-28364#
[BuildApplicationDeployModelStep] Cloud deployment model for application built#
#2026 09 10 00:21:57.777#Z#DEBUG#95691efe-acad-11f1-bceb-eeee0a8894dd.OPERATION#flowable-async-job-executor-thread-28364#
Step "Build Application Deploy Model" finished#
#2026 09 10 00:21:57.702#Z#DEBUG#95691efe-acad-11f1-bceb-eeee0a8894dd.OPERATION#flowable-async-job-executor-thread-28362#
[CheckServiceBindingOperationStep] Executing task "checkForServiceBindingOperationInProgress" of process "a2407956-acad-11f1-8160-eeee0a8929a1"...#
#2026 09 10 00:21:57.702#Z#DEBUG#95691efe-acad-11f1-bceb-eeee0a8894dd.OPERATION#flowable-async-job-executor-thread-28362#
[CheckServiceBindingOperationStep] Checking for service binding operation in progress between app "mycapapp-srv" and service instance "mycapapp-auth"#
#2026 09 10 00:21:57.703#Z#DEBUG#95691efe-acad-11f1-bceb-eeee0a8894dd.OPERATION#flowable-async-job-executor-thread-28362#
[CheckServiceBindingOperationStep] Getting application guid "mycapapp-srv"...#
#2026 09 10 00:21:57.727#Z#DEBUG#95691efe-acad-11f1-bceb-eeee0a8894dd.OPERATION#flowable-async-job-executor-thread-28362#
[CheckServiceBindingOperationStep] Getting GUID of required service instance "mycapapp-auth"...#
#2026 09 10 00:21:57.756#Z#DEBUG#95691efe-acad-11f1-bceb-eeee0a8894dd.OPERATION#flowable-async-job-executor-thread-28362#
[CheckServiceBindingOperationStep] Getting binding of service instance "1d0dc059-21e3-4b61-bbb0-fae379628114" with application "3005b015-2937-4589-811f-cd9a45fbef58"...#
#2026 09 10 00:21:57.784#Z#DEBUG#95691efe-acad-11f1-bceb-eeee0a8894dd.OPERATION#flowable-async-job-executor-thread-28362#
[CheckServiceBindingOperationStep] Service binding operation "0ca34901-926f-4632-a9cb-0a1a7b419b5e" with type "create" is in state "succeeded"#
#2026 09 10 00:21:57.784#Z#DEBUG#95691efe-acad-11f1-bceb-eeee0a8894dd.OPERATION#flowable-async-job-executor-thread-28362#
Step "Check For Service Binding Operation In Progress" finished#
#2026 09 10 00:21:57.808#Z#DEBUG#95691efe-acad-11f1-bceb-eeee0a8894dd.OPERATION#flowable-async-job-executor-thread-28366#
[DetermineApplicationServiceBindingActionsStep] Executing task "determineApplicationServiceBindingActionsTask" of process "a2407956-acad-11f1-8160-eeee0a8929a1"...#
#2026 09 10 00:21:57.811#Z#DEBUG#95691efe-acad-11f1-bceb-eeee0a8894dd.OPERATION#flowable-async-job-executor-thread-28366#
[DetermineApplicationServiceBindingActionsStep] Determine bind/unbind operations of application "mycapapp-srv" to service instance "mycapapp-auth"#
#2026 09 10 00:21:57.811#Z#DEBUG#95691efe-acad-11f1-bceb-eeee0a8894dd.OPERATION#flowable-async-job-executor-thread-28366#
[DetermineApplicationServiceBindingActionsStep] Getting application "mycapapp-srv"...#
#2026 09 10 00:21:57.843#Z#DEBUG#95691efe-acad-11f1-bceb-eeee0a8894dd.OPERATION#flowable-async-job-executor-thread-28366#
[DetermineApplicationServiceBindingActionsStep] Binding parameters for application "mycapapp-srv": { }#
#2026 09 10 00:21:57.874#Z#DEBUG#95691efe-acad-11f1-bceb-eeee0a8894dd.OPERATION#flowable-async-job-executor-thread-28366#
[DetermineApplicationServiceBindingActionsStep] Check should rebind application "mycapapp-srv" and service instance "mycapapp-auth"#
#2026 09 10 00:21:57.874#Z#DEBUG#95691efe-acad-11f1-bceb-eeee0a8894dd.OPERATION#flowable-async-job-executor-thread-28366#
[DetermineApplicationServiceBindingActionsStep] Getting GUID of required service instance "mycapapp-auth"...#
#2026 09 10 00:21:57.908#Z#DEBUG#95691efe-acad-11f1-bceb-eeee0a8894dd.OPERATION#flowable-async-job-executor-thread-28366#
[DetermineApplicationServiceBindingActionsStep] Getting binding of service instance "1d0dc059-21e3-4b61-bbb0-fae379628114" with application "3005b015-2937-4589-811f-cd9a45fbef58"...#
#2026 09 10 00:21:57.943#Z#DEBUG#95691efe-acad-11f1-bceb-eeee0a8894dd.OPERATION#flowable-async-job-executor-thread-28366#
[DetermineApplicationServiceBindingActionsStep] Getting parameters of service binding "0ca34901-926f-4632-a9cb-0a1a7b419b5e"...#
#2026 09 10 00:21:57.969#Z#WARN#95691efe-acad-11f1-bceb-eeee0a8894dd.OPERATION#flowable-async-job-executor-thread-28366#
[DetermineApplicationServiceBindingActionsStep] Cannot retrieve parameters of binding between application "mycapapp-srv" and service instance "mycapapp-auth"#
#2026 09 10 00:21:57.970#Z#DEBUG#95691efe-acad-11f1-bceb-eeee0a8894dd.OPERATION#flowable-async-job-executor-thread-28366#
[DetermineApplicationServiceBindingActionsStep] Calculated binding operations between application "mycapapp-srv" and service instance "mycapapp-auth": unbind - true bind - true#
#2026 09 10 00:21:57.970#Z#DEBUG#95691efe-acad-11f1-bceb-eeee0a8894dd.OPERATION#flowable-async-job-executor-thread-28366#
Step "Determine Application Service Binding Actions" finished#
#2026 09 10 00:21:57.807#Z#DEBUG#95691efe-acad-11f1-bceb-eeee0a8894dd.OPERATION#flowable-async-job-executor-thread-28365#
[CreateOrUpdateAppStep] Executing task "createAppTask" of process "a24227a0-acad-11f1-8160-eeee0a8929a1"...#
#2026 09 10 00:21:57.808#Z#DEBUG#95691efe-acad-11f1-bceb-eeee0a8894dd.OPERATION#flowable-async-job-executor-thread-28365#
[CreateOrUpdateAppStep] Getting application "mycapapp-db-deployer"...#
#2026 09 10 00:21:57.839#Z#INFO#95691efe-acad-11f1-bceb-eeee0a8894dd.OPERATION#flowable-async-job-executor-thread-28365#
[CreateOrUpdateAppStep] Updating application "mycapapp-db-deployer"...#
#2026 09 10 00:21:57.844#Z#DEBUG#95691efe-acad-11f1-bceb-eeee0a8894dd.OPERATION#flowable-async-job-executor-thread-28365#
[CreateOrUpdateAppStep] Getting process for application "9afe1bf4-9318-440c-b151-eb65edfe64d9"...#
#2026 09 10 00:21:57.874#Z#DEBUG#95691efe-acad-11f1-bceb-eeee0a8894dd.OPERATION#flowable-async-job-executor-thread-28365#
[CreateOrUpdateAppStep] Getting routes for application "9afe1bf4-9318-440c-b151-eb65edfe64d9"...#
#2026 09 10 00:21:57.903#Z#DEBUG#95691efe-acad-11f1-bceb-eeee0a8894dd.OPERATION#flowable-async-job-executor-thread-28365#
[CreateOrUpdateAppStep] Getting features for application "9afe1bf4-9318-440c-b151-eb65edfe64d9"#
#2026 09 10 00:21:57.925#Z#DEBUG#95691efe-acad-11f1-bceb-eeee0a8894dd.OPERATION#flowable-async-job-executor-thread-28365#
[CreateOrUpdateAppStep] Updating staging of application "mycapapp-db-deployer" to: {
  "buildpacks" : [ "nodejs_buildpack" ],
  "healthCheckType" : "port",
  "appFeatures" : { }
}#
#2026 09 10 00:21:58.098#Z#DEBUG#95691efe-acad-11f1-bceb-eeee0a8894dd.OPERATION#flowable-async-job-executor-thread-28365#
[CreateOrUpdateAppStep] Application "mycapapp-db-deployer" updated#
#2026 09 10 00:21:58.098#Z#DEBUG#95691efe-acad-11f1-bceb-eeee0a8894dd.OPERATION#flowable-async-job-executor-thread-28365#
[CreateOrUpdateAppStep] Getting environment of application "9afe1bf4-9318-440c-b151-eb65edfe64d9"...#
#2026 09 10 00:21:58.151#Z#DEBUG#95691efe-acad-11f1-bceb-eeee0a8894dd.OPERATION#flowable-async-job-executor-thread-28365#
[CreateOrUpdateAppStep] Application "mycapapp-db-deployer" updated#
#2026 09 10 00:21:58.151#Z#DEBUG#95691efe-acad-11f1-bceb-eeee0a8894dd.OPERATION#flowable-async-job-executor-thread-28365#
Step "Create App" finished#
#2026 09 10 00:21:58.000#Z#DEBUG#95691efe-acad-11f1-bceb-eeee0a8894dd.OPERATION#flowable-async-job-executor-thread-28366#
[UnbindServiceFromApplicationStep] Executing task "unbindServiceFromApplicationTask" of process "a2407956-acad-11f1-8160-eeee0a8929a1"...#
#2026 09 10 00:21:58.003#Z#INFO#95691efe-acad-11f1-bceb-eeee0a8894dd.OPERATION#flowable-async-job-executor-thread-28366#
[UnbindServiceFromApplicationStep] Unbinding service instance "mycapapp-auth" from application "mycapapp-srv"...#
#2026 09 10 00:21:58.006#Z#DEBUG#95691efe-acad-11f1-bceb-eeee0a8894dd.OPERATION#flowable-async-job-executor-thread-28366#
[UnbindServiceFromApplicationStep] Unbinding application "mycapapp-srv" from service instance "mycapapp-auth"...#
#2026 09 10 00:21:58.158#Z#DEBUG#95691efe-acad-11f1-bceb-eeee0a8894dd.OPERATION#flowable-async-job-executor-thread-28366#
Step "Unbind Service from Application" finished#
#2026 09 10 00:21:58.222#Z#DEBUG#95691efe-acad-11f1-bceb-eeee0a8894dd.OPERATION#flowable-async-job-executor-thread-28367#
[CheckServiceBindingOperationStep] Executing task "checkForServiceBindingOperationInProgress" of process "a2909531-acad-11f1-8160-eeee0a8929a1"...#
#2026 09 10 00:21:58.222#Z#DEBUG#95691efe-acad-11f1-bceb-eeee0a8894dd.OPERATION#flowable-async-job-executor-thread-28367#
[CheckServiceBindingOperationStep] Checking for service binding operation in progress between app "mycapapp-db-deployer" and service instance "mycapapp-db"#
#2026 09 10 00:21:58.222#Z#DEBUG#95691efe-acad-11f1-bceb-eeee0a8894dd.OPERATION#flowable-async-job-executor-thread-28367#
[CheckServiceBindingOperationStep] Getting application guid "mycapapp-db-deployer"...#
#2026 09 10 00:21:58.253#Z#DEBUG#95691efe-acad-11f1-bceb-eeee0a8894dd.OPERATION#flowable-async-job-executor-thread-28367#
[CheckServiceBindingOperationStep] Getting GUID of required service instance "mycapapp-db"...#
#2026 09 10 00:21:58.282#Z#DEBUG#95691efe-acad-11f1-bceb-eeee0a8894dd.OPERATION#flowable-async-job-executor-thread-28367#
[CheckServiceBindingOperationStep] Getting binding of service instance "cddbf880-0000-4bf2-9250-66f67538c4f3" with application "9afe1bf4-9318-440c-b151-eb65edfe64d9"...#
#2026 09 10 00:21:58.315#Z#DEBUG#95691efe-acad-11f1-bceb-eeee0a8894dd.OPERATION#flowable-async-job-executor-thread-28367#
[CheckServiceBindingOperationStep] Service binding operation "08325cf1-9c8d-488d-925d-a90107ba6cc1" with type "create" is in state "succeeded"#
#2026 09 10 00:21:58.315#Z#DEBUG#95691efe-acad-11f1-bceb-eeee0a8894dd.OPERATION#flowable-async-job-executor-thread-28367#
Step "Check For Service Binding Operation In Progress" finished#
#2026 09 10 00:21:58.339#Z#DEBUG#95691efe-acad-11f1-bceb-eeee0a8894dd.OPERATION#flowable-async-job-executor-thread-28367#
[DetermineApplicationServiceBindingActionsStep] Executing task "determineApplicationServiceBindingActionsTask" of process "a2909531-acad-11f1-8160-eeee0a8929a1"...#
#2026 09 10 00:21:58.342#Z#DEBUG#95691efe-acad-11f1-bceb-eeee0a8894dd.OPERATION#flowable-async-job-executor-thread-28367#
[DetermineApplicationServiceBindingActionsStep] Determine bind/unbind operations of application "mycapapp-db-deployer" to service instance "mycapapp-db"#
#2026 09 10 00:21:58.342#Z#DEBUG#95691efe-acad-11f1-bceb-eeee0a8894dd.OPERATION#flowable-async-job-executor-thread-28367#
[DetermineApplicationServiceBindingActionsStep] Getting application "mycapapp-db-deployer"...#
#2026 09 10 00:21:58.374#Z#DEBUG#95691efe-acad-11f1-bceb-eeee0a8894dd.OPERATION#flowable-async-job-executor-thread-28367#
[DetermineApplicationServiceBindingActionsStep] Binding parameters for application "mycapapp-db-deployer": { }#
#2026 09 10 00:21:58.403#Z#DEBUG#95691efe-acad-11f1-bceb-eeee0a8894dd.OPERATION#flowable-async-job-executor-thread-28367#
[DetermineApplicationServiceBindingActionsStep] Check should rebind application "mycapapp-db-deployer" and service instance "mycapapp-db"#
#2026 09 10 00:21:58.403#Z#DEBUG#95691efe-acad-11f1-bceb-eeee0a8894dd.OPERATION#flowable-async-job-executor-thread-28367#
[DetermineApplicationServiceBindingActionsStep] Getting GUID of required service instance "mycapapp-db"...#
#2026 09 10 00:21:58.431#Z#DEBUG#95691efe-acad-11f1-bceb-eeee0a8894dd.OPERATION#flowable-async-job-executor-thread-28367#
[DetermineApplicationServiceBindingActionsStep] Getting binding of service instance "cddbf880-0000-4bf2-9250-66f67538c4f3" with application "9afe1bf4-9318-440c-b151-eb65edfe64d9"...#
#2026 09 10 00:21:58.456#Z#DEBUG#95691efe-acad-11f1-bceb-eeee0a8894dd.OPERATION#flowable-async-job-executor-thread-28367#
[DetermineApplicationServiceBindingActionsStep] Getting parameters of service binding "08325cf1-9c8d-488d-925d-a90107ba6cc1"...#
#2026 09 10 00:21:58.680#Z#INFO#95691efe-acad-11f1-bceb-eeee0a8894dd.OPERATION#flowable-async-job-executor-thread-28367#
[DetermineApplicationServiceBindingActionsStep] Service instance "mycapapp-db" will not be rebound to application "mycapapp-db-deployer" because the binding parameters are not modified#
#2026 09 10 00:21:58.684#Z#DEBUG#95691efe-acad-11f1-bceb-eeee0a8894dd.OPERATION#flowable-async-job-executor-thread-28367#
[DetermineApplicationServiceBindingActionsStep] Calculated binding operations between application "mycapapp-db-deployer" and service instance "mycapapp-db": unbind - false bind - false#
#2026 09 10 00:21:58.684#Z#DEBUG#95691efe-acad-11f1-bceb-eeee0a8894dd.OPERATION#flowable-async-job-executor-thread-28367#
Step "Determine Application Service Binding Actions" finished#
#2026 09 10 00:21:58.763#Z#DEBUG#95691efe-acad-11f1-bceb-eeee0a8894dd.OPERATION#flowable-async-job-executor-thread-28367#
[DetermineVcapServicesPropertiesChangedStep] Executing task "determineVcapServicesPropertiesChangedTask" of process "a2e3221b-acad-11f1-8160-eeee0a8929a1"...#
#2026 09 10 00:21:58.765#Z#DEBUG#95691efe-acad-11f1-bceb-eeee0a8894dd.OPERATION#flowable-async-job-executor-thread-28367#
[DetermineVcapServicesPropertiesChangedStep] VCAP_SERVICES properties for application "mycapapp-db-deployer" changed: false#
#2026 09 10 00:21:58.765#Z#DEBUG#95691efe-acad-11f1-bceb-eeee0a8894dd.OPERATION#flowable-async-job-executor-thread-28367#
Step "Determine vcap services properties changed" finished#
#2026 09 10 00:21:58.788#Z#DEBUG#95691efe-acad-11f1-bceb-eeee0a8894dd.OPERATION#flowable-async-job-executor-thread-28367#
[UploadAppStep] Executing task "uploadAppTask" of process "a2e3221b-acad-11f1-8160-eeee0a8929a1"...#
#2026 09 10 00:21:58.789#Z#DEBUG#95691efe-acad-11f1-bceb-eeee0a8894dd.OPERATION#flowable-async-job-executor-thread-28367#
[UploadAppStep] Application upload timeout is default one: 3,600 seconds#
#2026 09 10 00:21:58.789#Z#INFO#95691efe-acad-11f1-bceb-eeee0a8894dd.OPERATION#flowable-async-job-executor-thread-28367#
[UploadAppStep] Uploading application "mycapapp-db-deployer"...#
#2026 09 10 00:21:58.793#Z#DEBUG#95691efe-acad-11f1-bceb-eeee0a8894dd.OPERATION#flowable-async-job-executor-thread-28367#
[UploadAppStep] Getting application "mycapapp-db-deployer"...#
#2026 09 10 00:21:58.824#Z#DEBUG#95691efe-acad-11f1-bceb-eeee0a8894dd.OPERATION#flowable-async-job-executor-thread-28367#
[UploadAppStep] Getting environment of application "9afe1bf4-9318-440c-b151-eb65edfe64d9"...#
#2026 09 10 00:21:58.866#Z#INFO#95691efe-acad-11f1-bceb-eeee0a8894dd.OPERATION#flowable-async-job-executor-thread-28367#
[UploadAppStep] Calculating application digest: "mycapapp-db-deployer"#
#2026 09 10 00:21:59.052#Z#DEBUG#95691efe-acad-11f1-bceb-eeee0a8894dd.OPERATION#flowable-async-job-executor-thread-28367#
Step "Upload App" finished#
#2026 09 10 00:22:01.613#Z#DEBUG#95691efe-acad-11f1-bceb-eeee0a8894dd.OPERATION#flowable-async-job-executor-thread-28366#
[UnbindServiceFromApplicationStep] Executing task "unbindServiceFromApplicationTask" of process "9f3c13af-acad-11f1-8160-eeee0a8929a1"...#
#2026 09 10 00:22:01.615#Z#DEBUG#95691efe-acad-11f1-bceb-eeee0a8894dd.OPERATION#flowable-async-job-executor-thread-28366#
[UnbindServiceFromApplicationStep] Getting async job "f7d6261b-5b58-47fb-b0c0-6c037d2714f2"#
#2026 09 10 00:22:01.641#Z#DEBUG#95691efe-acad-11f1-bceb-eeee0a8894dd.OPERATION#flowable-async-job-executor-thread-28366#
[UnbindServiceFromApplicationStep] Getting service instance "mycapapp-auth"...#
#2026 09 10 00:22:01.762#Z#DEBUG#95691efe-acad-11f1-bceb-eeee0a8894dd.OPERATION#flowable-async-job-executor-thread-28366#
[UnbindServiceFromApplicationStep] Async service binding operation with id "f7d6261b-5b58-47fb-b0c0-6c037d2714f2" finished#
#2026 09 10 00:22:01.765#Z#DEBUG#95691efe-acad-11f1-bceb-eeee0a8894dd.OPERATION#flowable-async-job-executor-thread-28366#
Step "Unbind Service from Application" finished#
#2026 09 10 00:22:01.793#Z#DEBUG#95691efe-acad-11f1-bceb-eeee0a8894dd.OPERATION#flowable-async-job-executor-thread-28366#
[BindServiceToApplicationStep] Executing task "bindServiceToApplicationTask" of process "9f3c13af-acad-11f1-8160-eeee0a8929a1"...#
#2026 09 10 00:22:01.795#Z#INFO#95691efe-acad-11f1-bceb-eeee0a8894dd.OPERATION#flowable-async-job-executor-thread-28366#
[BindServiceToApplicationStep] Binding service instance "mycapapp-auth" to application "mycapapp-ui"...#
#2026 09 10 00:22:01.799#Z#DEBUG#95691efe-acad-11f1-bceb-eeee0a8894dd.OPERATION#flowable-async-job-executor-thread-28366#
[BindServiceToApplicationStep] Binding service instance "mycapapp-auth" to application "mycapapp-ui" with parameters: { }#
#2026 09 10 00:22:01.922#Z#DEBUG#95691efe-acad-11f1-bceb-eeee0a8894dd.OPERATION#flowable-async-job-executor-thread-28366#
Step "Bind Service to Application" finished#
#2026 09 10 00:22:11.634#Z#DEBUG#95691efe-acad-11f1-bceb-eeee0a8894dd.OPERATION#flowable-async-job-executor-thread-28379#
[BindServiceToApplicationStep] Executing task "bindServiceToApplicationTask" of process "9f3c13af-acad-11f1-8160-eeee0a8929a1"...#
#2026 09 10 00:22:11.635#Z#DEBUG#95691efe-acad-11f1-bceb-eeee0a8894dd.OPERATION#flowable-async-job-executor-thread-28379#
[BindServiceToApplicationStep] Getting async job "7e5e7ad8-4f4c-4735-b2d3-e8bbd6079765"#
#2026 09 10 00:22:11.661#Z#DEBUG#95691efe-acad-11f1-bceb-eeee0a8894dd.OPERATION#flowable-async-job-executor-thread-28379#
[BindServiceToApplicationStep] Getting service instance "mycapapp-auth"...#
#2026 09 10 00:22:11.783#Z#DEBUG#95691efe-acad-11f1-bceb-eeee0a8894dd.OPERATION#flowable-async-job-executor-thread-28379#
[BindServiceToApplicationStep] Async service binding operation with id "7e5e7ad8-4f4c-4735-b2d3-e8bbd6079765" finished#
#2026 09 10 00:22:11.784#Z#DEBUG#95691efe-acad-11f1-bceb-eeee0a8894dd.OPERATION#flowable-async-job-executor-thread-28379#
Step "Bind Service to Application" finished#
#2026 09 10 00:22:11.620#Z#DEBUG#95691efe-acad-11f1-bceb-eeee0a8894dd.OPERATION#flowable-async-job-executor-thread-28377#
[UnbindServiceFromApplicationStep] Executing task "unbindServiceFromApplicationTask" of process "a2407956-acad-11f1-8160-eeee0a8929a1"...#
#2026 09 10 00:22:11.622#Z#DEBUG#95691efe-acad-11f1-bceb-eeee0a8894dd.OPERATION#flowable-async-job-executor-thread-28377#
[UnbindServiceFromApplicationStep] Getting async job "58883d89-1d8f-41b2-a6a4-08b0d5d398c9"#
#2026 09 10 00:22:11.641#Z#DEBUG#95691efe-acad-11f1-bceb-eeee0a8894dd.OPERATION#flowable-async-job-executor-thread-28377#
[UnbindServiceFromApplicationStep] Getting service instance "mycapapp-auth"...#
#2026 09 10 00:22:11.787#Z#DEBUG#95691efe-acad-11f1-bceb-eeee0a8894dd.OPERATION#flowable-async-job-executor-thread-28377#
[UnbindServiceFromApplicationStep] Async service binding operation with id "58883d89-1d8f-41b2-a6a4-08b0d5d398c9" finished#
#2026 09 10 00:22:11.791#Z#DEBUG#95691efe-acad-11f1-bceb-eeee0a8894dd.OPERATION#flowable-async-job-executor-thread-28377#
Step "Unbind Service from Application" finished#
#2026 09 10 00:22:11.899#Z#DEBUG#95691efe-acad-11f1-bceb-eeee0a8894dd.OPERATION#flowable-async-job-executor-thread-28381#
[DetermineVcapServicesPropertiesChangedStep] Executing task "determineVcapServicesPropertiesChangedTask" of process "aab564b3-acad-11f1-8160-eeee0a8929a1"...#
#2026 09 10 00:22:11.901#Z#DEBUG#95691efe-acad-11f1-bceb-eeee0a8894dd.OPERATION#flowable-async-job-executor-thread-28381#
[DetermineVcapServicesPropertiesChangedStep] VCAP_SERVICES properties for application "mycapapp-ui" changed: true#
#2026 09 10 00:22:11.901#Z#DEBUG#95691efe-acad-11f1-bceb-eeee0a8894dd.OPERATION#flowable-async-job-executor-thread-28381#
Step "Determine vcap services properties changed" finished#
#2026 09 10 00:22:11.827#Z#DEBUG#95691efe-acad-11f1-bceb-eeee0a8894dd.OPERATION#flowable-async-job-executor-thread-28380#
[BindServiceToApplicationStep] Executing task "bindServiceToApplicationTask" of process "a2407956-acad-11f1-8160-eeee0a8929a1"...#
#2026 09 10 00:22:11.829#Z#INFO#95691efe-acad-11f1-bceb-eeee0a8894dd.OPERATION#flowable-async-job-executor-thread-28380#
[BindServiceToApplicationStep] Binding service instance "mycapapp-auth" to application "mycapapp-srv"...#
#2026 09 10 00:22:11.833#Z#DEBUG#95691efe-acad-11f1-bceb-eeee0a8894dd.OPERATION#flowable-async-job-executor-thread-28380#
[BindServiceToApplicationStep] Binding service instance "mycapapp-auth" to application "mycapapp-srv" with parameters: { }#
#2026 09 10 00:22:11.929#Z#DEBUG#95691efe-acad-11f1-bceb-eeee0a8894dd.OPERATION#flowable-async-job-executor-thread-28380#
Step "Bind Service to Application" finished#
#2026 09 10 00:22:11.625#Z#DEBUG#95691efe-acad-11f1-bceb-eeee0a8894dd.OPERATION#flowable-async-job-executor-thread-28378#
[UploadAppStep] Executing task "uploadAppTask" of process "a2e3221b-acad-11f1-8160-eeee0a8929a1"...#
#2026 09 10 00:22:11.627#Z#DEBUG#95691efe-acad-11f1-bceb-eeee0a8894dd.OPERATION#flowable-async-job-executor-thread-28378#
[UploadAppStep] Application upload timeout is default one: 3,600 seconds#
#2026 09 10 00:22:11.629#Z#DEBUG#95691efe-acad-11f1-bceb-eeee0a8894dd.OPERATION#pool-14-thread-5#
[UploadAppStep] Upload of application: mycapapp-db-deployer started on instance: 0#
#2026 09 10 00:22:11.629#Z#DEBUG#95691efe-acad-11f1-bceb-eeee0a8894dd.OPERATION#pool-14-thread-5#
[UploadAppStep] Uploading file "mycapapp-db-deployer/data.zip" for application "mycapapp-db-deployer"#
#2026 09 10 00:22:11.793#Z#INFO#95691efe-acad-11f1-bceb-eeee0a8894dd.OPERATION#pool-14-thread-5#
[UploadAppStep] Time elapsed for app binary download: 164 in millis#
#2026 09 10 00:22:11.793#Z#INFO#95691efe-acad-11f1-bceb-eeee0a8894dd.OPERATION#pool-14-thread-5#
[UploadAppStep] Size of app mycapapp-db-deployer is 2,538,120 bytes#
#2026 09 10 00:22:11.793#Z#DEBUG#95691efe-acad-11f1-bceb-eeee0a8894dd.OPERATION#pool-14-thread-5#
[UploadAppStep] Asynchronously uploading binaries for application "mycapapp-db-deployer"...#
#2026 09 10 00:22:11.925#Z#DEBUG#95691efe-acad-11f1-bceb-eeee0a8894dd.OPERATION#flowable-async-job-executor-thread-28381#
[UploadAppStep] Executing task "uploadAppTask" of process "aab564b3-acad-11f1-8160-eeee0a8929a1"...#
#2026 09 10 00:22:11.927#Z#DEBUG#95691efe-acad-11f1-bceb-eeee0a8894dd.OPERATION#flowable-async-job-executor-thread-28381#
[UploadAppStep] Application upload timeout is default one: 3,600 seconds#
#2026 09 10 00:22:11.927#Z#INFO#95691efe-acad-11f1-bceb-eeee0a8894dd.OPERATION#flowable-async-job-executor-thread-28381#
[UploadAppStep] Uploading application "mycapapp-ui"...#
#2026 09 10 00:22:11.931#Z#DEBUG#95691efe-acad-11f1-bceb-eeee0a8894dd.OPERATION#flowable-async-job-executor-thread-28381#
[UploadAppStep] Getting application "mycapapp-ui"...#
#2026 09 10 00:22:11.989#Z#DEBUG#95691efe-acad-11f1-bceb-eeee0a8894dd.OPERATION#flowable-async-job-executor-thread-28381#
[UploadAppStep] Getting environment of application "546cc3e8-ed02-46f9-8d9e-b4a654b2f96c"...#
#2026 09 10 00:22:12.020#Z#INFO#95691efe-acad-11f1-bceb-eeee0a8894dd.OPERATION#flowable-async-job-executor-thread-28381#
[UploadAppStep] Calculating application digest: "mycapapp-ui"#
#2026 09 10 00:22:12.033#Z#INFO#95691efe-acad-11f1-bceb-eeee0a8894dd.OPERATION#pool-14-thread-5#
[UploadAppStep] Started async upload of application "mycapapp-db-deployer"#
#2026 09 10 00:22:12.037#Z#INFO#95691efe-acad-11f1-bceb-eeee0a8894dd.OPERATION#flowable-async-job-executor-thread-28378#
[UploadAppStep] Time elapsed for upload: 409 in millis#
#2026 09 10 00:22:12.037#Z#DEBUG#95691efe-acad-11f1-bceb-eeee0a8894dd.OPERATION#flowable-async-job-executor-thread-28378#
[UploadAppStep] Getting application "mycapapp-db-deployer"...#
#2026 09 10 00:22:12.057#Z#DEBUG#95691efe-acad-11f1-bceb-eeee0a8894dd.OPERATION#App upload monitor: 45f07139-eccf-45bc-a01d-881bd703a094#
[UploadAppStep] Upload status: PROCESSING_UPLOAD#
#2026 09 10 00:22:12.067#Z#DEBUG#95691efe-acad-11f1-bceb-eeee0a8894dd.OPERATION#flowable-async-job-executor-thread-28378#
[UploadAppStep] Getting environment of application "9afe1bf4-9318-440c-b151-eb65edfe64d9"...#
#2026 09 10 00:22:12.105#Z#DEBUG#95691efe-acad-11f1-bceb-eeee0a8894dd.OPERATION#flowable-async-job-executor-thread-28378#
[UploadAppStep] Updating environment of application "mycapapp-db-deployer"#
#2026 09 10 00:22:12.120#Z#DEBUG#95691efe-acad-11f1-bceb-eeee0a8894dd.OPERATION#flowable-async-job-executor-thread-28381#
Step "Upload App" finished#
#2026 09 10 00:22:12.178#Z#DEBUG#95691efe-acad-11f1-bceb-eeee0a8894dd.OPERATION#flowable-async-job-executor-thread-28378#
Step "Upload App" finished#
#2026 09 10 00:22:21.643#Z#DEBUG#95691efe-acad-11f1-bceb-eeee0a8894dd.OPERATION#flowable-async-job-executor-thread-28386#
[UploadAppStep] Executing task "uploadAppTask" of process "aab564b3-acad-11f1-8160-eeee0a8929a1"...#
#2026 09 10 00:22:21.645#Z#DEBUG#95691efe-acad-11f1-bceb-eeee0a8894dd.OPERATION#flowable-async-job-executor-thread-28386#
[UploadAppStep] Application upload timeout is default one: 3,600 seconds#
#2026 09 10 00:22:21.646#Z#DEBUG#95691efe-acad-11f1-bceb-eeee0a8894dd.OPERATION#pool-14-thread-5#
[UploadAppStep] Upload of application: mycapapp-ui started on instance: 0#
#2026 09 10 00:22:21.646#Z#DEBUG#95691efe-acad-11f1-bceb-eeee0a8894dd.OPERATION#pool-14-thread-5#
[UploadAppStep] Uploading file "mycapapp-ui/data.zip" for application "mycapapp-ui"#
#2026 09 10 00:22:21.647#Z#DEBUG#95691efe-acad-11f1-bceb-eeee0a8894dd.OPERATION#flowable-async-job-executor-thread-28387#
[UploadAppStep] Executing task "uploadAppTask" of process "a2e3221b-acad-11f1-8160-eeee0a8929a1"...#
#2026 09 10 00:22:21.649#Z#DEBUG#95691efe-acad-11f1-bceb-eeee0a8894dd.OPERATION#flowable-async-job-executor-thread-28387#
[UploadAppStep] Application upload timeout is default one: 3,600 seconds#
#2026 09 10 00:22:21.649#Z#DEBUG#95691efe-acad-11f1-bceb-eeee0a8894dd.OPERATION#flowable-async-job-executor-thread-28387#
[UploadAppStep] Checking upload status of application "mycapapp-db-deployer"...#
#2026 09 10 00:22:21.649#Z#DEBUG#95691efe-acad-11f1-bceb-eeee0a8894dd.OPERATION#flowable-async-job-executor-thread-28387#
[UploadAppStep] Getting package "45f07139-eccf-45bc-a01d-881bd703a094"...#
#2026 09 10 00:22:21.694#Z#DEBUG#95691efe-acad-11f1-bceb-eeee0a8894dd.OPERATION#flowable-async-job-executor-thread-28387#
[UploadAppStep] Application "mycapapp-db-deployer" uploaded#
#2026 09 10 00:22:21.695#Z#DEBUG#95691efe-acad-11f1-bceb-eeee0a8894dd.OPERATION#flowable-async-job-executor-thread-28387#
Step "Upload App" finished#
#2026 09 10 00:22:21.637#Z#DEBUG#95691efe-acad-11f1-bceb-eeee0a8894dd.OPERATION#flowable-async-job-executor-thread-28385#
[BindServiceToApplicationStep] Executing task "bindServiceToApplicationTask" of process "a2407956-acad-11f1-8160-eeee0a8929a1"...#
#2026 09 10 00:22:21.638#Z#DEBUG#95691efe-acad-11f1-bceb-eeee0a8894dd.OPERATION#flowable-async-job-executor-thread-28385#
[BindServiceToApplicationStep] Getting async job "d882fead-d078-4b24-bea5-bcba295a550b"#
#2026 09 10 00:22:21.659#Z#DEBUG#95691efe-acad-11f1-bceb-eeee0a8894dd.OPERATION#flowable-async-job-executor-thread-28385#
[BindServiceToApplicationStep] Getting service instance "mycapapp-auth"...#
#2026 09 10 00:22:21.781#Z#DEBUG#95691efe-acad-11f1-bceb-eeee0a8894dd.OPERATION#flowable-async-job-executor-thread-28385#
[BindServiceToApplicationStep] Async service binding operation with id "d882fead-d078-4b24-bea5-bcba295a550b" finished#
#2026 09 10 00:22:21.782#Z#DEBUG#95691efe-acad-11f1-bceb-eeee0a8894dd.OPERATION#flowable-async-job-executor-thread-28385#
Step "Bind Service to Application" finished#
#2026 09 10 00:22:21.721#Z#DEBUG#95691efe-acad-11f1-bceb-eeee0a8894dd.OPERATION#flowable-async-job-executor-thread-28388#
[ScaleAppStep] Executing task "scaleAppTask" of process "a2e3221b-acad-11f1-8160-eeee0a8929a1"...#
#2026 09 10 00:22:21.724#Z#DEBUG#95691efe-acad-11f1-bceb-eeee0a8894dd.OPERATION#flowable-async-job-executor-thread-28388#
[ScaleAppStep] Scaling application "mycapapp-db-deployer"...#
#2026 09 10 00:22:21.724#Z#DEBUG#95691efe-acad-11f1-bceb-eeee0a8894dd.OPERATION#flowable-async-job-executor-thread-28388#
[ScaleAppStep] Getting application guid "mycapapp-db-deployer"...#
#2026 09 10 00:22:21.770#Z#DEBUG#95691efe-acad-11f1-bceb-eeee0a8894dd.OPERATION#flowable-async-job-executor-thread-28388#
[ScaleAppStep] Getting process for application "9afe1bf4-9318-440c-b151-eb65edfe64d9"...#
#2026 09 10 00:22:21.803#Z#DEBUG#95691efe-acad-11f1-bceb-eeee0a8894dd.OPERATION#flowable-async-job-executor-thread-28388#
[ScaleAppStep] Application "mycapapp-db-deployer" scaled#
#2026 09 10 00:22:21.803#Z#DEBUG#95691efe-acad-11f1-bceb-eeee0a8894dd.OPERATION#flowable-async-job-executor-thread-28388#
Step "Scale App" finished#
#2026 09 10 00:22:21.884#Z#DEBUG#95691efe-acad-11f1-bceb-eeee0a8894dd.OPERATION#flowable-async-job-executor-thread-28389#
[DetermineVcapServicesPropertiesChangedStep] Executing task "determineVcapServicesPropertiesChangedTask" of process "b0aa0c78-acad-11f1-8160-eeee0a8929a1"...#
#2026 09 10 00:22:21.885#Z#DEBUG#95691efe-acad-11f1-bceb-eeee0a8894dd.OPERATION#flowable-async-job-executor-thread-28389#
[DetermineVcapServicesPropertiesChangedStep] VCAP_SERVICES properties for application "mycapapp-srv" changed: true#
#2026 09 10 00:22:21.885#Z#DEBUG#95691efe-acad-11f1-bceb-eeee0a8894dd.OPERATION#flowable-async-job-executor-thread-28389#
Step "Determine vcap services properties changed" finished#
#2026 09 10 00:22:21.828#Z#DEBUG#95691efe-acad-11f1-bceb-eeee0a8894dd.OPERATION#flowable-async-job-executor-thread-28388#
[DetermineDesiredStateAchievingActionsStep] Executing task "determineDesiredStateAchievingActionsTask" of process "a2e3221b-acad-11f1-8160-eeee0a8929a1"...#
#2026 09 10 00:22:21.830#Z#DEBUG#95691efe-acad-11f1-bceb-eeee0a8894dd.OPERATION#flowable-async-job-executor-thread-28388#
[DetermineDesiredStateAchievingActionsStep] Getting application "mycapapp-db-deployer"...#
#2026 09 10 00:22:21.858#Z#DEBUG#95691efe-acad-11f1-bceb-eeee0a8894dd.OPERATION#flowable-async-job-executor-thread-28388#
[DetermineDesiredStateAchievingActionsStep] Getting instances for application "mycapapp-db-deployer"...#
#2026 09 10 00:22:21.858#Z#DEBUG#95691efe-acad-11f1-bceb-eeee0a8894dd.OPERATION#flowable-async-job-executor-thread-28388#
[DetermineDesiredStateAchievingActionsStep] Getting environment of application "9afe1bf4-9318-440c-b151-eb65edfe64d9"...#
#2026 09 10 00:22:21.885#Z#DEBUG#95691efe-acad-11f1-bceb-eeee0a8894dd.OPERATION#flowable-async-job-executor-thread-28388#
[DetermineDesiredStateAchievingActionsStep] Current state of application mycapapp-db-deployer: STOPPED#
#2026 09 10 00:22:21.885#Z#DEBUG#95691efe-acad-11f1-bceb-eeee0a8894dd.OPERATION#flowable-async-job-executor-thread-28388#
[DetermineDesiredStateAchievingActionsStep] Desired state of application mycapapp-db-deployer: STOPPED#
#2026 09 10 00:22:21.885#Z#DEBUG#95691efe-acad-11f1-bceb-eeee0a8894dd.OPERATION#flowable-async-job-executor-thread-28388#
[DetermineDesiredStateAchievingActionsStep] Actions that should be executed on application mycapapp-db-deployer: [STAGE]#
#2026 09 10 00:22:21.885#Z#DEBUG#95691efe-acad-11f1-bceb-eeee0a8894dd.OPERATION#flowable-async-job-executor-thread-28388#
Step "Determine Desired State Achieving Actions" finished#
#2026 09 10 00:22:21.847#Z#INFO#95691efe-acad-11f1-bceb-eeee0a8894dd.OPERATION#pool-14-thread-5#
[UploadAppStep] Time elapsed for app binary download: 200 in millis#
#2026 09 10 00:22:21.847#Z#INFO#95691efe-acad-11f1-bceb-eeee0a8894dd.OPERATION#pool-14-thread-5#
[UploadAppStep] Size of app mycapapp-ui is 7,461,052 bytes#
#2026 09 10 00:22:21.847#Z#DEBUG#95691efe-acad-11f1-bceb-eeee0a8894dd.OPERATION#pool-14-thread-5#
[UploadAppStep] Asynchronously uploading binaries for application "mycapapp-ui"...#
#2026 09 10 00:22:21.909#Z#DEBUG#95691efe-acad-11f1-bceb-eeee0a8894dd.OPERATION#flowable-async-job-executor-thread-28389#
[UploadAppStep] Executing task "uploadAppTask" of process "b0aa0c78-acad-11f1-8160-eeee0a8929a1"...#
#2026 09 10 00:22:21.910#Z#DEBUG#95691efe-acad-11f1-bceb-eeee0a8894dd.OPERATION#flowable-async-job-executor-thread-28389#
[UploadAppStep] Application upload timeout is default one: 3,600 seconds#
#2026 09 10 00:22:21.910#Z#INFO#95691efe-acad-11f1-bceb-eeee0a8894dd.OPERATION#flowable-async-job-executor-thread-28389#
[UploadAppStep] Uploading application "mycapapp-srv"...#
#2026 09 10 00:22:21.915#Z#DEBUG#95691efe-acad-11f1-bceb-eeee0a8894dd.OPERATION#flowable-async-job-executor-thread-28389#
[UploadAppStep] Getting application "mycapapp-srv"...#
#2026 09 10 00:22:21.940#Z#DEBUG#95691efe-acad-11f1-bceb-eeee0a8894dd.OPERATION#flowable-async-job-executor-thread-28389#
[UploadAppStep] Getting environment of application "3005b015-2937-4589-811f-cd9a45fbef58"...#
#2026 09 10 00:22:21.978#Z#INFO#95691efe-acad-11f1-bceb-eeee0a8894dd.OPERATION#flowable-async-job-executor-thread-28389#
[UploadAppStep] Calculating application digest: "mycapapp-srv"#
#2026 09 10 00:22:22.045#Z#DEBUG#95691efe-acad-11f1-bceb-eeee0a8894dd.OPERATION#flowable-async-job-executor-thread-28389#
Step "Upload App" finished#
#2026 09 10 00:22:22.066#Z#INFO#95691efe-acad-11f1-bceb-eeee0a8894dd.OPERATION#pool-14-thread-5#
[UploadAppStep] Started async upload of application "mycapapp-ui"#
#2026 09 10 00:22:22.071#Z#INFO#95691efe-acad-11f1-bceb-eeee0a8894dd.OPERATION#flowable-async-job-executor-thread-28386#
[UploadAppStep] Time elapsed for upload: 425 in millis#
#2026 09 10 00:22:22.071#Z#DEBUG#95691efe-acad-11f1-bceb-eeee0a8894dd.OPERATION#flowable-async-job-executor-thread-28386#
[UploadAppStep] Getting application "mycapapp-ui"...#
#2026 09 10 00:22:22.095#Z#DEBUG#95691efe-acad-11f1-bceb-eeee0a8894dd.OPERATION#App upload monitor: d76a88f7-5d5a-4827-babf-c7a1b30bb8c4#
[UploadAppStep] Upload status: PROCESSING_UPLOAD#
#2026 09 10 00:22:22.100#Z#DEBUG#95691efe-acad-11f1-bceb-eeee0a8894dd.OPERATION#flowable-async-job-executor-thread-28386#
[UploadAppStep] Getting environment of application "546cc3e8-ed02-46f9-8d9e-b4a654b2f96c"...#
#2026 09 10 00:22:22.132#Z#DEBUG#95691efe-acad-11f1-bceb-eeee0a8894dd.OPERATION#flowable-async-job-executor-thread-28386#
[UploadAppStep] Updating environment of application "mycapapp-ui"#
#2026 09 10 00:22:22.205#Z#DEBUG#95691efe-acad-11f1-bceb-eeee0a8894dd.OPERATION#flowable-async-job-executor-thread-28386#
Step "Upload App" finished#
#2026 09 10 00:22:21.915#Z#DEBUG#95691efe-acad-11f1-bceb-eeee0a8894dd.OPERATION#flowable-async-job-executor-thread-28388#
[StageAppStep] Executing task "stageAppTask" of process "a2e3221b-acad-11f1-8160-eeee0a8929a1"...#
#2026 09 10 00:22:21.919#Z#DEBUG#95691efe-acad-11f1-bceb-eeee0a8894dd.OPERATION#flowable-async-job-executor-thread-28388#
[StageAppStep] Application stage timeout is default one: 3,600 seconds#
#2026 09 10 00:22:21.922#Z#INFO#95691efe-acad-11f1-bceb-eeee0a8894dd.OPERATION#flowable-async-job-executor-thread-28388#
[StageAppStep] Staging application "mycapapp-db-deployer"...#
#2026 09 10 00:22:21.925#Z#DEBUG#95691efe-acad-11f1-bceb-eeee0a8894dd.OPERATION#flowable-async-job-executor-thread-28388#
[StageAppStep] Creating build for package "45f07139-eccf-45bc-a01d-881bd703a094"...#
#2026 09 10 00:22:22.315#Z#DEBUG#95691efe-acad-11f1-bceb-eeee0a8894dd.OPERATION#flowable-async-job-executor-thread-28388#
Step "Stage App" finished#
#2026 09 10 00:22:27.125#Z#DEBUG#95691efe-acad-11f1-bceb-eeee0a8894dd.OPERATION#App upload monitor: d76a88f7-5d5a-4827-babf-c7a1b30bb8c4#
[UploadAppStep] Upload status: PROCESSING_UPLOAD#
#2026 09 10 00:22:31.654#Z#DEBUG#95691efe-acad-11f1-bceb-eeee0a8894dd.OPERATION#flowable-async-job-executor-thread-28393#
[UploadAppStep] Executing task "uploadAppTask" of process "b0aa0c78-acad-11f1-8160-eeee0a8929a1"...#
#2026 09 10 00:22:31.655#Z#DEBUG#95691efe-acad-11f1-bceb-eeee0a8894dd.OPERATION#flowable-async-job-executor-thread-28393#
[UploadAppStep] Application upload timeout is default one: 3,600 seconds#
#2026 09 10 00:22:31.657#Z#DEBUG#95691efe-acad-11f1-bceb-eeee0a8894dd.OPERATION#pool-14-thread-5#
[UploadAppStep] Upload of application: mycapapp-srv started on instance: 0#
#2026 09 10 00:22:31.657#Z#DEBUG#95691efe-acad-11f1-bceb-eeee0a8894dd.OPERATION#pool-14-thread-5#
[UploadAppStep] Uploading file "mycapapp-srv/data.zip" for application "mycapapp-srv"#
#2026 09 10 00:22:31.661#Z#DEBUG#95691efe-acad-11f1-bceb-eeee0a8894dd.OPERATION#flowable-async-job-executor-thread-28395#
[UploadAppStep] Executing task "uploadAppTask" of process "aab564b3-acad-11f1-8160-eeee0a8929a1"...#
#2026 09 10 00:22:31.662#Z#DEBUG#95691efe-acad-11f1-bceb-eeee0a8894dd.OPERATION#flowable-async-job-executor-thread-28395#
[UploadAppStep] Application upload timeout is default one: 3,600 seconds#
#2026 09 10 00:22:31.662#Z#DEBUG#95691efe-acad-11f1-bceb-eeee0a8894dd.OPERATION#flowable-async-job-executor-thread-28395#
[UploadAppStep] Checking upload status of application "mycapapp-ui"...#
#2026 09 10 00:22:31.662#Z#DEBUG#95691efe-acad-11f1-bceb-eeee0a8894dd.OPERATION#flowable-async-job-executor-thread-28395#
[UploadAppStep] Getting package "d76a88f7-5d5a-4827-babf-c7a1b30bb8c4"...#
#2026 09 10 00:22:31.686#Z#DEBUG#95691efe-acad-11f1-bceb-eeee0a8894dd.OPERATION#flowable-async-job-executor-thread-28395#
[UploadAppStep] Application "mycapapp-ui" uploaded#
#2026 09 10 00:22:31.687#Z#DEBUG#95691efe-acad-11f1-bceb-eeee0a8894dd.OPERATION#flowable-async-job-executor-thread-28395#
Step "Upload App" finished#
#2026 09 10 00:22:31.713#Z#DEBUG#95691efe-acad-11f1-bceb-eeee0a8894dd.OPERATION#flowable-async-job-executor-thread-28396#
[ScaleAppStep] Executing task "scaleAppTask" of process "aab564b3-acad-11f1-8160-eeee0a8929a1"...#
#2026 09 10 00:22:31.715#Z#DEBUG#95691efe-acad-11f1-bceb-eeee0a8894dd.OPERATION#flowable-async-job-executor-thread-28396#
[ScaleAppStep] Scaling application "mycapapp-ui"...#
#2026 09 10 00:22:31.715#Z#DEBUG#95691efe-acad-11f1-bceb-eeee0a8894dd.OPERATION#flowable-async-job-executor-thread-28396#
[ScaleAppStep] Getting application guid "mycapapp-ui"...#
#2026 09 10 00:22:31.743#Z#DEBUG#95691efe-acad-11f1-bceb-eeee0a8894dd.OPERATION#flowable-async-job-executor-thread-28396#
[ScaleAppStep] Getting process for application "546cc3e8-ed02-46f9-8d9e-b4a654b2f96c"...#
#2026 09 10 00:22:31.774#Z#DEBUG#95691efe-acad-11f1-bceb-eeee0a8894dd.OPERATION#flowable-async-job-executor-thread-28396#
[ScaleAppStep] Application "mycapapp-ui" scaled#
#2026 09 10 00:22:31.774#Z#DEBUG#95691efe-acad-11f1-bceb-eeee0a8894dd.OPERATION#flowable-async-job-executor-thread-28396#
Step "Scale App" finished#
#2026 09 10 00:22:31.662#Z#DEBUG#95691efe-acad-11f1-bceb-eeee0a8894dd.OPERATION#flowable-async-job-executor-thread-28394#
[StageAppStep] Executing task "stageAppTask" of process "a2e3221b-acad-11f1-8160-eeee0a8929a1"...#
#2026 09 10 00:22:31.663#Z#DEBUG#95691efe-acad-11f1-bceb-eeee0a8894dd.OPERATION#flowable-async-job-executor-thread-28394#
[StageAppStep] Application stage timeout is default one: 3,600 seconds#
#2026 09 10 00:22:31.664#Z#DEBUG#95691efe-acad-11f1-bceb-eeee0a8894dd.OPERATION#flowable-async-job-executor-thread-28394#
[StageAppStep] Checking status of application "mycapapp-db-deployer"...#
#2026 09 10 00:22:31.664#Z#DEBUG#95691efe-acad-11f1-bceb-eeee0a8894dd.OPERATION#flowable-async-job-executor-thread-28394#
[StageAppStep] Getting build "5b30c6f5-44a5-412b-81e0-b30b83fecd7d"...#
#2026 09 10 00:22:31.689#Z#DEBUG#95691efe-acad-11f1-bceb-eeee0a8894dd.OPERATION#flowable-async-job-executor-thread-28394#
[StageAppStep] Staging status of application "mycapapp-db-deployer": PENDING#
#2026 09 10 00:22:31.690#Z#DEBUG#95691efe-acad-11f1-bceb-eeee0a8894dd.OPERATION#flowable-async-job-executor-thread-28394#
[StageAppStep] Getting application guid "mycapapp-db-deployer"...#
#2026 09 10 00:22:31.782#Z#DEBUG#95691efe-acad-11f1-bceb-eeee0a8894dd.OPERATION#flowable-async-job-executor-thread-28394#
Step "Stage App" finished#
#2026 09 10 00:22:31.801#Z#DEBUG#95691efe-acad-11f1-bceb-eeee0a8894dd.OPERATION#flowable-async-job-executor-thread-28397#
[DetermineDesiredStateAchievingActionsStep] Executing task "determineDesiredStateAchievingActionsTask" of process "aab564b3-acad-11f1-8160-eeee0a8929a1"...#
#2026 09 10 00:22:31.803#Z#DEBUG#95691efe-acad-11f1-bceb-eeee0a8894dd.OPERATION#flowable-async-job-executor-thread-28397#
[DetermineDesiredStateAchievingActionsStep] Getting application "mycapapp-ui"...#
#2026 09 10 00:22:31.829#Z#DEBUG#95691efe-acad-11f1-bceb-eeee0a8894dd.OPERATION#flowable-async-job-executor-thread-28397#
[DetermineDesiredStateAchievingActionsStep] Getting instances for application "mycapapp-ui"...#
#2026 09 10 00:22:31.883#Z#DEBUG#95691efe-acad-11f1-bceb-eeee0a8894dd.OPERATION#flowable-async-job-executor-thread-28397#
[DetermineDesiredStateAchievingActionsStep] Getting environment of application "546cc3e8-ed02-46f9-8d9e-b4a654b2f96c"...#
#2026 09 10 00:22:31.918#Z#DEBUG#95691efe-acad-11f1-bceb-eeee0a8894dd.OPERATION#flowable-async-job-executor-thread-28397#
[DetermineDesiredStateAchievingActionsStep] Current state of application mycapapp-ui: STARTED#
#2026 09 10 00:22:31.918#Z#DEBUG#95691efe-acad-11f1-bceb-eeee0a8894dd.OPERATION#flowable-async-job-executor-thread-28397#
[DetermineDesiredStateAchievingActionsStep] Desired state of application mycapapp-ui: STARTED#
#2026 09 10 00:22:31.918#Z#DEBUG#95691efe-acad-11f1-bceb-eeee0a8894dd.OPERATION#flowable-async-job-executor-thread-28397#
[DetermineDesiredStateAchievingActionsStep] Actions that should be executed on application mycapapp-ui: [STOP, STAGE, START]#
#2026 09 10 00:22:31.918#Z#DEBUG#95691efe-acad-11f1-bceb-eeee0a8894dd.OPERATION#flowable-async-job-executor-thread-28397#
Step "Determine Desired State Achieving Actions" finished#
#2026 09 10 00:22:31.946#Z#DEBUG#95691efe-acad-11f1-bceb-eeee0a8894dd.OPERATION#flowable-async-job-executor-thread-28397#
[StopAppStep] Executing task "stopAppTask" of process "aab564b3-acad-11f1-8160-eeee0a8929a1"...#
#2026 09 10 00:22:31.948#Z#INFO#95691efe-acad-11f1-bceb-eeee0a8894dd.OPERATION#flowable-async-job-executor-thread-28397#
[StopAppStep] Stopping application "mycapapp-ui"...#
#2026 09 10 00:22:31.953#Z#DEBUG#95691efe-acad-11f1-bceb-eeee0a8894dd.OPERATION#flowable-async-job-executor-thread-28397#
[StopAppStep] Stopping application "mycapapp-ui"...#
#2026 09 10 00:22:32.068#Z#DEBUG#95691efe-acad-11f1-bceb-eeee0a8894dd.OPERATION#flowable-async-job-executor-thread-28397#
[StopAppStep] Application "mycapapp-ui" stopped#
#2026 09 10 00:22:32.068#Z#DEBUG#95691efe-acad-11f1-bceb-eeee0a8894dd.OPERATION#flowable-async-job-executor-thread-28397#
[StopAppStep] Getting environment of application "546cc3e8-ed02-46f9-8d9e-b4a654b2f96c"...#
#2026 09 10 00:22:32.099#Z#DEBUG#95691efe-acad-11f1-bceb-eeee0a8894dd.OPERATION#flowable-async-job-executor-thread-28397#
Step "Stop App" finished#
#2026 09 10 00:22:32.155#Z#DEBUG#95691efe-acad-11f1-bceb-eeee0a8894dd.OPERATION#App upload monitor: 646d7d18-714b-45bf-9788-fc351925c237#
[UploadAppStep] Upload status: PROCESSING_UPLOAD#
#2026 09 10 00:22:32.156#Z#DEBUG#95691efe-acad-11f1-bceb-eeee0a8894dd.OPERATION#flowable-async-job-executor-thread-28393#
[UploadAppStep] Getting environment of application "3005b015-2937-4589-811f-cd9a45fbef58"...#
#2026 09 10 00:22:32.188#Z#DEBUG#95691efe-acad-11f1-bceb-eeee0a8894dd.OPERATION#flowable-async-job-executor-thread-28393#
[UploadAppStep] Updating environment of application "mycapapp-srv"#
#2026 09 10 00:22:32.271#Z#DEBUG#95691efe-acad-11f1-bceb-eeee0a8894dd.OPERATION#flowable-async-job-executor-thread-28393#
Step "Upload App" finished#
#2026 09 10 00:22:32.133#Z#DEBUG#95691efe-acad-11f1-bceb-eeee0a8894dd.OPERATION#flowable-async-job-executor-thread-28397#
[StageAppStep] Executing task "stageAppTask" of process "b6c6fdde-acad-11f1-8160-eeee0a8929a1"...#
#2026 09 10 00:22:32.135#Z#DEBUG#95691efe-acad-11f1-bceb-eeee0a8894dd.OPERATION#flowable-async-job-executor-thread-28397#
[StageAppStep] Application stage timeout is default one: 3,600 seconds#
#2026 09 10 00:22:32.136#Z#INFO#95691efe-acad-11f1-bceb-eeee0a8894dd.OPERATION#flowable-async-job-executor-thread-28397#
[StageAppStep] Staging application "mycapapp-ui"...#
#2026 09 10 00:22:32.139#Z#DEBUG#95691efe-acad-11f1-bceb-eeee0a8894dd.OPERATION#flowable-async-job-executor-thread-28397#
[StageAppStep] Creating build for package "d76a88f7-5d5a-4827-babf-c7a1b30bb8c4"...#
#2026 09 10 00:22:32.523#Z#DEBUG#95691efe-acad-11f1-bceb-eeee0a8894dd.OPERATION#flowable-async-job-executor-thread-28397#
Step "Stage App" finished#
#2026 09 10 00:22:37.174#Z#DEBUG#95691efe-acad-11f1-bceb-eeee0a8894dd.OPERATION#App upload monitor: 646d7d18-714b-45bf-9788-fc351925c237#
[UploadAppStep] Upload status: PROCESSING_UPLOAD#
#2026 09 10 00:22:41.670#Z#DEBUG#95691efe-acad-11f1-bceb-eeee0a8894dd.OPERATION#flowable-async-job-executor-thread-28402#
[UploadAppStep] Executing task "uploadAppTask" of process "b0aa0c78-acad-11f1-8160-eeee0a8929a1"...#
#2026 09 10 00:22:41.671#Z#DEBUG#95691efe-acad-11f1-bceb-eeee0a8894dd.OPERATION#flowable-async-job-executor-thread-28402#
[UploadAppStep] Application upload timeout is default one: 3,600 seconds#
#2026 09 10 00:22:41.671#Z#DEBUG#95691efe-acad-11f1-bceb-eeee0a8894dd.OPERATION#flowable-async-job-executor-thread-28402#
[UploadAppStep] Checking upload status of application "mycapapp-srv"...#
#2026 09 10 00:22:41.672#Z#DEBUG#95691efe-acad-11f1-bceb-eeee0a8894dd.OPERATION#flowable-async-job-executor-thread-28402#
[UploadAppStep] Getting package "646d7d18-714b-45bf-9788-fc351925c237"...#
#2026 09 10 00:22:41.712#Z#DEBUG#95691efe-acad-11f1-bceb-eeee0a8894dd.OPERATION#flowable-async-job-executor-thread-28402#
[UploadAppStep] Application "mycapapp-srv" uploaded#
#2026 09 10 00:22:41.713#Z#DEBUG#95691efe-acad-11f1-bceb-eeee0a8894dd.OPERATION#flowable-async-job-executor-thread-28402#
Step "Upload App" finished#
#2026 09 10 00:22:41.667#Z#DEBUG#95691efe-acad-11f1-bceb-eeee0a8894dd.OPERATION#flowable-async-job-executor-thread-28401#
[StageAppStep] Executing task "stageAppTask" of process "a2e3221b-acad-11f1-8160-eeee0a8929a1"...#
#2026 09 10 00:22:41.669#Z#DEBUG#95691efe-acad-11f1-bceb-eeee0a8894dd.OPERATION#flowable-async-job-executor-thread-28401#
[StageAppStep] Application stage timeout is default one: 3,600 seconds#
#2026 09 10 00:22:41.669#Z#DEBUG#95691efe-acad-11f1-bceb-eeee0a8894dd.OPERATION#flowable-async-job-executor-thread-28401#
[StageAppStep] Checking status of application "mycapapp-db-deployer"...#
#2026 09 10 00:22:41.669#Z#DEBUG#95691efe-acad-11f1-bceb-eeee0a8894dd.OPERATION#flowable-async-job-executor-thread-28401#
[StageAppStep] Getting build "5b30c6f5-44a5-412b-81e0-b30b83fecd7d"...#
#2026 09 10 00:22:41.675#Z#DEBUG#95691efe-acad-11f1-bceb-eeee0a8894dd.OPERATION#flowable-async-job-executor-thread-28403#
[StageAppStep] Executing task "stageAppTask" of process "b6c6fdde-acad-11f1-8160-eeee0a8929a1"...#
#2026 09 10 00:22:41.677#Z#DEBUG#95691efe-acad-11f1-bceb-eeee0a8894dd.OPERATION#flowable-async-job-executor-thread-28403#
[StageAppStep] Application stage timeout is default one: 3,600 seconds#
#2026 09 10 00:22:41.677#Z#DEBUG#95691efe-acad-11f1-bceb-eeee0a8894dd.OPERATION#flowable-async-job-executor-thread-28403#
[StageAppStep] Checking status of application "mycapapp-ui"...#
#2026 09 10 00:22:41.677#Z#DEBUG#95691efe-acad-11f1-bceb-eeee0a8894dd.OPERATION#flowable-async-job-executor-thread-28403#
[StageAppStep] Getting build "26fbc45f-ab49-408f-9f7b-55686768ff22"...#
#2026 09 10 00:22:41.699#Z#DEBUG#95691efe-acad-11f1-bceb-eeee0a8894dd.OPERATION#flowable-async-job-executor-thread-28401#
[StageAppStep] Staging status of application "mycapapp-db-deployer": PENDING#
#2026 09 10 00:22:41.700#Z#DEBUG#95691efe-acad-11f1-bceb-eeee0a8894dd.OPERATION#flowable-async-job-executor-thread-28401#
[StageAppStep] Getting application guid "mycapapp-db-deployer"...#
#2026 09 10 00:22:41.708#Z#DEBUG#95691efe-acad-11f1-bceb-eeee0a8894dd.OPERATION#flowable-async-job-executor-thread-28403#
[StageAppStep] Staging status of application "mycapapp-ui": PENDING#
#2026 09 10 00:22:41.709#Z#DEBUG#95691efe-acad-11f1-bceb-eeee0a8894dd.OPERATION#flowable-async-job-executor-thread-28403#
[StageAppStep] Getting application guid "mycapapp-ui"...#
#2026 09 10 00:22:41.786#Z#DEBUG#95691efe-acad-11f1-bceb-eeee0a8894dd.OPERATION#flowable-async-job-executor-thread-28401#
Step "Stage App" finished#
#2026 09 10 00:22:41.795#Z#DEBUG#95691efe-acad-11f1-bceb-eeee0a8894dd.OPERATION#flowable-async-job-executor-thread-28403#
Step "Stage App" finished#
#2026 09 10 00:22:41.739#Z#DEBUG#95691efe-acad-11f1-bceb-eeee0a8894dd.OPERATION#flowable-async-job-executor-thread-28404#
[ScaleAppStep] Executing task "scaleAppTask" of process "b0aa0c78-acad-11f1-8160-eeee0a8929a1"...#
#2026 09 10 00:22:41.743#Z#DEBUG#95691efe-acad-11f1-bceb-eeee0a8894dd.OPERATION#flowable-async-job-executor-thread-28404#
[ScaleAppStep] Scaling application "mycapapp-srv"...#
#2026 09 10 00:22:41.743#Z#DEBUG#95691efe-acad-11f1-bceb-eeee0a8894dd.OPERATION#flowable-async-job-executor-thread-28404#
[ScaleAppStep] Getting application guid "mycapapp-srv"...#
#2026 09 10 00:22:41.772#Z#DEBUG#95691efe-acad-11f1-bceb-eeee0a8894dd.OPERATION#flowable-async-job-executor-thread-28404#
[ScaleAppStep] Getting process for application "3005b015-2937-4589-811f-cd9a45fbef58"...#
#2026 09 10 00:22:41.802#Z#DEBUG#95691efe-acad-11f1-bceb-eeee0a8894dd.OPERATION#flowable-async-job-executor-thread-28404#
[ScaleAppStep] Application "mycapapp-srv" scaled#
#2026 09 10 00:22:41.802#Z#DEBUG#95691efe-acad-11f1-bceb-eeee0a8894dd.OPERATION#flowable-async-job-executor-thread-28404#
Step "Scale App" finished#
#2026 09 10 00:22:41.825#Z#DEBUG#95691efe-acad-11f1-bceb-eeee0a8894dd.OPERATION#flowable-async-job-executor-thread-28405#
[DetermineDesiredStateAchievingActionsStep] Executing task "determineDesiredStateAchievingActionsTask" of process "b0aa0c78-acad-11f1-8160-eeee0a8929a1"...#
#2026 09 10 00:22:41.827#Z#DEBUG#95691efe-acad-11f1-bceb-eeee0a8894dd.OPERATION#flowable-async-job-executor-thread-28405#
[DetermineDesiredStateAchievingActionsStep] Getting application "mycapapp-srv"...#
#2026 09 10 00:22:41.855#Z#DEBUG#95691efe-acad-11f1-bceb-eeee0a8894dd.OPERATION#flowable-async-job-executor-thread-28405#
[DetermineDesiredStateAchievingActionsStep] Getting instances for application "mycapapp-srv"...#
#2026 09 10 00:22:41.894#Z#DEBUG#95691efe-acad-11f1-bceb-eeee0a8894dd.OPERATION#flowable-async-job-executor-thread-28405#
[DetermineDesiredStateAchievingActionsStep] Getting environment of application "3005b015-2937-4589-811f-cd9a45fbef58"...#
#2026 09 10 00:22:41.925#Z#DEBUG#95691efe-acad-11f1-bceb-eeee0a8894dd.OPERATION#flowable-async-job-executor-thread-28405#
[DetermineDesiredStateAchievingActionsStep] Current state of application mycapapp-srv: STARTED#
#2026 09 10 00:22:41.925#Z#DEBUG#95691efe-acad-11f1-bceb-eeee0a8894dd.OPERATION#flowable-async-job-executor-thread-28405#
[DetermineDesiredStateAchievingActionsStep] Desired state of application mycapapp-srv: STARTED#
#2026 09 10 00:22:41.925#Z#DEBUG#95691efe-acad-11f1-bceb-eeee0a8894dd.OPERATION#flowable-async-job-executor-thread-28405#
[DetermineDesiredStateAchievingActionsStep] Actions that should be executed on application mycapapp-srv: [STOP, STAGE, START]#
#2026 09 10 00:22:41.925#Z#DEBUG#95691efe-acad-11f1-bceb-eeee0a8894dd.OPERATION#flowable-async-job-executor-thread-28405#
Step "Determine Desired State Achieving Actions" finished#
#2026 09 10 00:22:41.951#Z#DEBUG#95691efe-acad-11f1-bceb-eeee0a8894dd.OPERATION#flowable-async-job-executor-thread-28405#
[StopAppStep] Executing task "stopAppTask" of process "b0aa0c78-acad-11f1-8160-eeee0a8929a1"...#
#2026 09 10 00:22:41.953#Z#INFO#95691efe-acad-11f1-bceb-eeee0a8894dd.OPERATION#flowable-async-job-executor-thread-28405#
[StopAppStep] Stopping application "mycapapp-srv"...#
#2026 09 10 00:22:41.957#Z#DEBUG#95691efe-acad-11f1-bceb-eeee0a8894dd.OPERATION#flowable-async-job-executor-thread-28405#
[StopAppStep] Stopping application "mycapapp-srv"...#
#2026 09 10 00:22:42.080#Z#DEBUG#95691efe-acad-11f1-bceb-eeee0a8894dd.OPERATION#flowable-async-job-executor-thread-28405#
[StopAppStep] Application "mycapapp-srv" stopped#
#2026 09 10 00:22:42.080#Z#DEBUG#95691efe-acad-11f1-bceb-eeee0a8894dd.OPERATION#flowable-async-job-executor-thread-28405#
[StopAppStep] Getting environment of application "3005b015-2937-4589-811f-cd9a45fbef58"...#
#2026 09 10 00:22:42.116#Z#DEBUG#95691efe-acad-11f1-bceb-eeee0a8894dd.OPERATION#flowable-async-job-executor-thread-28405#
Step "Stop App" finished#
#2026 09 10 00:22:42.157#Z#DEBUG#95691efe-acad-11f1-bceb-eeee0a8894dd.OPERATION#flowable-async-job-executor-thread-28405#
[StageAppStep] Executing task "stageAppTask" of process "bcbfc563-acad-11f1-8160-eeee0a8929a1"...#
#2026 09 10 00:22:42.158#Z#DEBUG#95691efe-acad-11f1-bceb-eeee0a8894dd.OPERATION#flowable-async-job-executor-thread-28405#
[StageAppStep] Application stage timeout is default one: 3,600 seconds#
#2026 09 10 00:22:42.160#Z#INFO#95691efe-acad-11f1-bceb-eeee0a8894dd.OPERATION#flowable-async-job-executor-thread-28405#
[StageAppStep] Staging application "mycapapp-srv"...#
#2026 09 10 00:22:42.164#Z#DEBUG#95691efe-acad-11f1-bceb-eeee0a8894dd.OPERATION#flowable-async-job-executor-thread-28405#
[StageAppStep] Creating build for package "646d7d18-714b-45bf-9788-fc351925c237"...#
#2026 09 10 00:22:42.566#Z#DEBUG#95691efe-acad-11f1-bceb-eeee0a8894dd.OPERATION#flowable-async-job-executor-thread-28405#
Step "Stage App" finished#
#2026 09 10 00:22:51.685#Z#DEBUG#95691efe-acad-11f1-bceb-eeee0a8894dd.OPERATION#flowable-async-job-executor-thread-28409#
[StageAppStep] Executing task "stageAppTask" of process "a2e3221b-acad-11f1-8160-eeee0a8929a1"...#
#2026 09 10 00:22:51.686#Z#DEBUG#95691efe-acad-11f1-bceb-eeee0a8894dd.OPERATION#flowable-async-job-executor-thread-28409#
[StageAppStep] Application stage timeout is default one: 3,600 seconds#
#2026 09 10 00:22:51.687#Z#DEBUG#95691efe-acad-11f1-bceb-eeee0a8894dd.OPERATION#flowable-async-job-executor-thread-28410#
[StageAppStep] Executing task "stageAppTask" of process "bcbfc563-acad-11f1-8160-eeee0a8929a1"...#
#2026 09 10 00:22:51.687#Z#DEBUG#95691efe-acad-11f1-bceb-eeee0a8894dd.OPERATION#flowable-async-job-executor-thread-28409#
[StageAppStep] Checking status of application "mycapapp-db-deployer"...#
#2026 09 10 00:22:51.687#Z#DEBUG#95691efe-acad-11f1-bceb-eeee0a8894dd.OPERATION#flowable-async-job-executor-thread-28409#
[StageAppStep] Getting build "5b30c6f5-44a5-412b-81e0-b30b83fecd7d"...#
#2026 09 10 00:22:51.688#Z#DEBUG#95691efe-acad-11f1-bceb-eeee0a8894dd.OPERATION#flowable-async-job-executor-thread-28411#
[StageAppStep] Executing task "stageAppTask" of process "b6c6fdde-acad-11f1-8160-eeee0a8929a1"...#
#2026 09 10 00:22:51.688#Z#DEBUG#95691efe-acad-11f1-bceb-eeee0a8894dd.OPERATION#flowable-async-job-executor-thread-28410#
[StageAppStep] Application stage timeout is default one: 3,600 seconds#
#2026 09 10 00:22:51.689#Z#DEBUG#95691efe-acad-11f1-bceb-eeee0a8894dd.OPERATION#flowable-async-job-executor-thread-28410#
[StageAppStep] Checking status of application "mycapapp-srv"...#
#2026 09 10 00:22:51.689#Z#DEBUG#95691efe-acad-11f1-bceb-eeee0a8894dd.OPERATION#flowable-async-job-executor-thread-28410#
[StageAppStep] Getting build "451fec91-9574-4216-9fdd-299c38b118ce"...#
#2026 09 10 00:22:51.689#Z#DEBUG#95691efe-acad-11f1-bceb-eeee0a8894dd.OPERATION#flowable-async-job-executor-thread-28411#
[StageAppStep] Application stage timeout is default one: 3,600 seconds#
#2026 09 10 00:22:51.690#Z#DEBUG#95691efe-acad-11f1-bceb-eeee0a8894dd.OPERATION#flowable-async-job-executor-thread-28411#
[StageAppStep] Checking status of application "mycapapp-ui"...#
#2026 09 10 00:22:51.690#Z#DEBUG#95691efe-acad-11f1-bceb-eeee0a8894dd.OPERATION#flowable-async-job-executor-thread-28411#
[StageAppStep] Getting build "26fbc45f-ab49-408f-9f7b-55686768ff22"...#
#2026 09 10 00:22:51.713#Z#DEBUG#95691efe-acad-11f1-bceb-eeee0a8894dd.OPERATION#flowable-async-job-executor-thread-28411#
[StageAppStep] Staging status of application "mycapapp-ui": PENDING#
#2026 09 10 00:22:51.714#Z#DEBUG#95691efe-acad-11f1-bceb-eeee0a8894dd.OPERATION#flowable-async-job-executor-thread-28411#
[StageAppStep] Getting application guid "mycapapp-ui"...#
#2026 09 10 00:22:51.714#Z#DEBUG#95691efe-acad-11f1-bceb-eeee0a8894dd.OPERATION#flowable-async-job-executor-thread-28409#
[StageAppStep] Staging status of application "mycapapp-db-deployer": STAGED#
#2026 09 10 00:22:51.715#Z#DEBUG#95691efe-acad-11f1-bceb-eeee0a8894dd.OPERATION#flowable-async-job-executor-thread-28409#
[StageAppStep] Getting application guid "mycapapp-db-deployer"...#
#2026 09 10 00:22:51.722#Z#DEBUG#95691efe-acad-11f1-bceb-eeee0a8894dd.OPERATION#flowable-async-job-executor-thread-28410#
[StageAppStep] Staging status of application "mycapapp-srv": PENDING#
#2026 09 10 00:22:51.724#Z#DEBUG#95691efe-acad-11f1-bceb-eeee0a8894dd.OPERATION#flowable-async-job-executor-thread-28410#
[StageAppStep] Getting application guid "mycapapp-srv"...#
#2026 09 10 00:22:51.797#Z#DEBUG#95691efe-acad-11f1-bceb-eeee0a8894dd.OPERATION#flowable-async-job-executor-thread-28409#
[StageAppStep] Getting build "5b30c6f5-44a5-412b-81e0-b30b83fecd7d"...#
#2026 09 10 00:22:51.803#Z#DEBUG#95691efe-acad-11f1-bceb-eeee0a8894dd.OPERATION#flowable-async-job-executor-thread-28411#
Step "Stage App" finished#
#2026 09 10 00:22:51.812#Z#DEBUG#95691efe-acad-11f1-bceb-eeee0a8894dd.OPERATION#flowable-async-job-executor-thread-28410#
Step "Stage App" finished#
#2026 09 10 00:22:51.827#Z#DEBUG#95691efe-acad-11f1-bceb-eeee0a8894dd.OPERATION#flowable-async-job-executor-thread-28409#
[StageAppStep] Binding droplet "18ee1256-3920-42e5-ae47-e9a0043cad70" to application "9afe1bf4-9318-440c-b151-eb65edfe64d9"...#
#2026 09 10 00:22:51.877#Z#INFO#95691efe-acad-11f1-bceb-eeee0a8894dd.OPERATION#flowable-async-job-executor-thread-28409#
[StageAppStep] Application "mycapapp-db-deployer" staged#
#2026 09 10 00:22:51.883#Z#DEBUG#95691efe-acad-11f1-bceb-eeee0a8894dd.OPERATION#flowable-async-job-executor-thread-28409#
Step "Stage App" finished#
#2026 09 10 00:22:51.942#Z#DEBUG#95691efe-acad-11f1-bceb-eeee0a8894dd.OPERATION#flowable-async-job-executor-thread-28413#
[PrepareToExecuteTasksStep] Executing task "prepareToExecuteTasksTask" of process "c295e8b4-acad-11f1-8160-eeee0a8929a1"...#
#2026 09 10 00:22:51.943#Z#DEBUG#95691efe-acad-11f1-bceb-eeee0a8894dd.OPERATION#flowable-async-job-executor-thread-28413#
Step "Prepare To Execute Tasks" finished#
#2026 09 10 00:22:51.965#Z#DEBUG#95691efe-acad-11f1-bceb-eeee0a8894dd.OPERATION#flowable-async-job-executor-thread-28413#
[ExecuteTaskStep] Executing task "executeTaskTask" of process "c295e8b4-acad-11f1-8160-eeee0a8929a1"...#
#2026 09 10 00:22:51.966#Z#DEBUG#95691efe-acad-11f1-bceb-eeee0a8894dd.OPERATION#flowable-async-job-executor-thread-28413#
[ExecuteTaskStep] Application task execution timeout is default one: 43,200 seconds#
#2026 09 10 00:22:51.967#Z#INFO#95691efe-acad-11f1-bceb-eeee0a8894dd.OPERATION#flowable-async-job-executor-thread-28413#
[ExecuteTaskStep] Executing task "deploy" on application "mycapapp-db-deployer"...#
#2026 09 10 00:22:51.971#Z#DEBUG#95691efe-acad-11f1-bceb-eeee0a8894dd.OPERATION#flowable-async-job-executor-thread-28413#
[ExecuteTaskStep] Running task on application "mycapapp-db-deployer": {
  "name" : "deploy",
  "command" : "npm start",
  "limits" : {
    "memory" : 256
  }
}#
#2026 09 10 00:22:52.226#Z#DEBUG#95691efe-acad-11f1-bceb-eeee0a8894dd.OPERATION#flowable-async-job-executor-thread-28413#
Step "Execute Task" finished#
#2026 09 10 00:23:01.697#Z#DEBUG#95691efe-acad-11f1-bceb-eeee0a8894dd.OPERATION#flowable-async-job-executor-thread-28417#
[StageAppStep] Executing task "stageAppTask" of process "bcbfc563-acad-11f1-8160-eeee0a8929a1"...#
#2026 09 10 00:23:01.700#Z#DEBUG#95691efe-acad-11f1-bceb-eeee0a8894dd.OPERATION#flowable-async-job-executor-thread-28417#
[StageAppStep] Application stage timeout is default one: 3,600 seconds#
#2026 09 10 00:23:01.700#Z#DEBUG#95691efe-acad-11f1-bceb-eeee0a8894dd.OPERATION#flowable-async-job-executor-thread-28417#
[StageAppStep] Checking status of application "mycapapp-srv"...#
#2026 09 10 00:23:01.700#Z#DEBUG#95691efe-acad-11f1-bceb-eeee0a8894dd.OPERATION#flowable-async-job-executor-thread-28417#
[StageAppStep] Getting build "451fec91-9574-4216-9fdd-299c38b118ce"...#
#2026 09 10 00:23:01.705#Z#DEBUG#95691efe-acad-11f1-bceb-eeee0a8894dd.OPERATION#flowable-async-job-executor-thread-28419#
[StageAppStep] Executing task "stageAppTask" of process "b6c6fdde-acad-11f1-8160-eeee0a8929a1"...#
#2026 09 10 00:23:01.706#Z#DEBUG#95691efe-acad-11f1-bceb-eeee0a8894dd.OPERATION#flowable-async-job-executor-thread-28419#
[StageAppStep] Application stage timeout is default one: 3,600 seconds#
#2026 09 10 00:23:01.707#Z#DEBUG#95691efe-acad-11f1-bceb-eeee0a8894dd.OPERATION#flowable-async-job-executor-thread-28419#
[StageAppStep] Checking status of application "mycapapp-ui"...#
#2026 09 10 00:23:01.707#Z#DEBUG#95691efe-acad-11f1-bceb-eeee0a8894dd.OPERATION#flowable-async-job-executor-thread-28419#
[StageAppStep] Getting build "26fbc45f-ab49-408f-9f7b-55686768ff22"...#
#2026 09 10 00:23:01.732#Z#DEBUG#95691efe-acad-11f1-bceb-eeee0a8894dd.OPERATION#flowable-async-job-executor-thread-28417#
[StageAppStep] Staging status of application "mycapapp-srv": PENDING#
#2026 09 10 00:23:01.733#Z#DEBUG#95691efe-acad-11f1-bceb-eeee0a8894dd.OPERATION#flowable-async-job-executor-thread-28417#
[StageAppStep] Getting application guid "mycapapp-srv"...#
#2026 09 10 00:23:01.741#Z#DEBUG#95691efe-acad-11f1-bceb-eeee0a8894dd.OPERATION#flowable-async-job-executor-thread-28419#
[StageAppStep] Staging status of application "mycapapp-ui": PENDING#
#2026 09 10 00:23:01.742#Z#DEBUG#95691efe-acad-11f1-bceb-eeee0a8894dd.OPERATION#flowable-async-job-executor-thread-28419#
[StageAppStep] Getting application guid "mycapapp-ui"...#
#2026 09 10 00:23:01.798#Z#DEBUG#95691efe-acad-11f1-bceb-eeee0a8894dd.OPERATION#flowable-async-job-executor-thread-28419#
Step "Stage App" finished#
#2026 09 10 00:23:01.700#Z#DEBUG#95691efe-acad-11f1-bceb-eeee0a8894dd.OPERATION#flowable-async-job-executor-thread-28418#
[ExecuteTaskStep] Executing task "executeTaskTask" of process "c295e8b4-acad-11f1-8160-eeee0a8929a1"...#
#2026 09 10 00:23:01.702#Z#DEBUG#95691efe-acad-11f1-bceb-eeee0a8894dd.OPERATION#flowable-async-job-executor-thread-28418#
[ExecuteTaskStep] Application task execution timeout is default one: 43,200 seconds#
#2026 09 10 00:23:01.703#Z#DEBUG#95691efe-acad-11f1-bceb-eeee0a8894dd.OPERATION#flowable-async-job-executor-thread-28418#
[ExecuteTaskStep] Getting task "abdff981-f5f6-49ba-bdb9-eccfab24c5ee"...#
#2026 09 10 00:23:01.729#Z#DEBUG#95691efe-acad-11f1-bceb-eeee0a8894dd.OPERATION#flowable-async-job-executor-thread-28418#
[ExecuteTaskStep] Task execution status: succeeded#
#2026 09 10 00:23:01.731#Z#DEBUG#95691efe-acad-11f1-bceb-eeee0a8894dd.OPERATION#flowable-async-job-executor-thread-28418#
[ExecuteTaskStep] Getting application guid "mycapapp-db-deployer"...#
#2026 09 10 00:23:01.807#Z#DEBUG#95691efe-acad-11f1-bceb-eeee0a8894dd.OPERATION#flowable-async-job-executor-thread-28418#
Step "Execute Task" finished#
#2026 09 10 00:23:01.815#Z#DEBUG#95691efe-acad-11f1-bceb-eeee0a8894dd.OPERATION#flowable-async-job-executor-thread-28417#
Step "Stage App" finished#
#2026 09 10 00:23:01.836#Z#DEBUG#95691efe-acad-11f1-bceb-eeee0a8894dd.OPERATION#flowable-async-job-executor-thread-28420#
[IncrementIndexStep] Executing task "incrementTaskIndexTask" of process "c295e8b4-acad-11f1-8160-eeee0a8929a1"...#
#2026 09 10 00:23:01.837#Z#DEBUG#95691efe-acad-11f1-bceb-eeee0a8894dd.OPERATION#flowable-async-job-executor-thread-28420#
Step "Increment Task Index" finished#
#2026 09 10 00:23:01.889#Z#DEBUG#95691efe-acad-11f1-bceb-eeee0a8894dd.OPERATION#flowable-async-job-executor-thread-28421#
[PublishConfigurationEntriesStep] Executing task "publishProvidedDependenciesTask" of process "a2e3221b-acad-11f1-8160-eeee0a8929a1"...#
#2026 09 10 00:23:01.889#Z#DEBUG#95691efe-acad-11f1-bceb-eeee0a8894dd.OPERATION#flowable-async-job-executor-thread-28421#
[PublishConfigurationEntriesStep] Publishing public provided dependencies for application "mycapapp-db-deployer"...#
#2026 09 10 00:23:01.890#Z#DEBUG#95691efe-acad-11f1-bceb-eeee0a8894dd.OPERATION#flowable-async-job-executor-thread-28421#
[PublishConfigurationEntriesStep] No public provided dependencies for publishing#
#2026 09 10 00:23:01.890#Z#DEBUG#95691efe-acad-11f1-bceb-eeee0a8894dd.OPERATION#flowable-async-job-executor-thread-28421#
Step "Publish Provided Dependencies" finished#
#2026 09 10 00:23:01.915#Z#DEBUG#95691efe-acad-11f1-bceb-eeee0a8894dd.OPERATION#flowable-async-job-executor-thread-28421#
[CreateOrUpdateServiceBrokerStep] Executing task "createOrUpdateServiceBrokerTask" of process "a2e3221b-acad-11f1-8160-eeee0a8929a1"...#
#2026 09 10 00:23:01.917#Z#DEBUG#95691efe-acad-11f1-bceb-eeee0a8894dd.OPERATION#flowable-async-job-executor-thread-28421#
[CreateOrUpdateServiceBrokerStep] Creating service brokers...#
#2026 09 10 00:23:01.918#Z#DEBUG#95691efe-acad-11f1-bceb-eeee0a8894dd.OPERATION#flowable-async-job-executor-thread-28421#
Step "Create Or Update Service Broker " finished#
#2026 09 10 00:23:11.714#Z#DEBUG#95691efe-acad-11f1-bceb-eeee0a8894dd.OPERATION#flowable-async-job-executor-thread-28424#
[StageAppStep] Executing task "stageAppTask" of process "bcbfc563-acad-11f1-8160-eeee0a8929a1"...#
#2026 09 10 00:23:11.716#Z#DEBUG#95691efe-acad-11f1-bceb-eeee0a8894dd.OPERATION#flowable-async-job-executor-thread-28424#
[StageAppStep] Application stage timeout is default one: 3,600 seconds#
#2026 09 10 00:23:11.716#Z#DEBUG#95691efe-acad-11f1-bceb-eeee0a8894dd.OPERATION#flowable-async-job-executor-thread-28424#
[StageAppStep] Checking status of application "mycapapp-srv"...#
#2026 09 10 00:23:11.716#Z#DEBUG#95691efe-acad-11f1-bceb-eeee0a8894dd.OPERATION#flowable-async-job-executor-thread-28424#
[StageAppStep] Getting build "451fec91-9574-4216-9fdd-299c38b118ce"...#
#2026 09 10 00:23:11.727#Z#DEBUG#95691efe-acad-11f1-bceb-eeee0a8894dd.OPERATION#flowable-async-job-executor-thread-28425#
[StageAppStep] Executing task "stageAppTask" of process "b6c6fdde-acad-11f1-8160-eeee0a8929a1"...#
#2026 09 10 00:23:11.728#Z#DEBUG#95691efe-acad-11f1-bceb-eeee0a8894dd.OPERATION#flowable-async-job-executor-thread-28425#
[StageAppStep] Application stage timeout is default one: 3,600 seconds#
#2026 09 10 00:23:11.729#Z#DEBUG#95691efe-acad-11f1-bceb-eeee0a8894dd.OPERATION#flowable-async-job-executor-thread-28425#
[StageAppStep] Checking status of application "mycapapp-ui"...#
#2026 09 10 00:23:11.729#Z#DEBUG#95691efe-acad-11f1-bceb-eeee0a8894dd.OPERATION#flowable-async-job-executor-thread-28425#
[StageAppStep] Getting build "26fbc45f-ab49-408f-9f7b-55686768ff22"...#
#2026 09 10 00:23:11.742#Z#DEBUG#95691efe-acad-11f1-bceb-eeee0a8894dd.OPERATION#flowable-async-job-executor-thread-28424#
[StageAppStep] Staging status of application "mycapapp-srv": STAGED#
#2026 09 10 00:23:11.743#Z#DEBUG#95691efe-acad-11f1-bceb-eeee0a8894dd.OPERATION#flowable-async-job-executor-thread-28424#
[StageAppStep] Getting application guid "mycapapp-srv"...#
#2026 09 10 00:23:11.771#Z#DEBUG#95691efe-acad-11f1-bceb-eeee0a8894dd.OPERATION#flowable-async-job-executor-thread-28425#
[StageAppStep] Staging status of application "mycapapp-ui": STAGED#
#2026 09 10 00:23:11.772#Z#DEBUG#95691efe-acad-11f1-bceb-eeee0a8894dd.OPERATION#flowable-async-job-executor-thread-28425#
[StageAppStep] Getting application guid "mycapapp-ui"...#
#2026 09 10 00:23:11.804#Z#DEBUG#95691efe-acad-11f1-bceb-eeee0a8894dd.OPERATION#flowable-async-job-executor-thread-28424#
[StageAppStep] Getting build "451fec91-9574-4216-9fdd-299c38b118ce"...#
#2026 09 10 00:23:11.834#Z#DEBUG#95691efe-acad-11f1-bceb-eeee0a8894dd.OPERATION#flowable-async-job-executor-thread-28424#
[StageAppStep] Binding droplet "a529bb6f-6f91-4ff1-875a-82e597e95f1e" to application "3005b015-2937-4589-811f-cd9a45fbef58"...#
#2026 09 10 00:23:11.853#Z#DEBUG#95691efe-acad-11f1-bceb-eeee0a8894dd.OPERATION#flowable-async-job-executor-thread-28425#
[StageAppStep] Getting build "26fbc45f-ab49-408f-9f7b-55686768ff22"...#
#2026 09 10 00:23:11.880#Z#DEBUG#95691efe-acad-11f1-bceb-eeee0a8894dd.OPERATION#flowable-async-job-executor-thread-28425#
[StageAppStep] Binding droplet "7ad3ed61-e8cb-41eb-a4d7-1a8fef1c45ad" to application "546cc3e8-ed02-46f9-8d9e-b4a654b2f96c"...#
#2026 09 10 00:23:11.917#Z#INFO#95691efe-acad-11f1-bceb-eeee0a8894dd.OPERATION#flowable-async-job-executor-thread-28424#
[StageAppStep] Application "mycapapp-srv" staged#
#2026 09 10 00:23:11.921#Z#DEBUG#95691efe-acad-11f1-bceb-eeee0a8894dd.OPERATION#flowable-async-job-executor-thread-28424#
Step "Stage App" finished#
#2026 09 10 00:23:11.980#Z#INFO#95691efe-acad-11f1-bceb-eeee0a8894dd.OPERATION#flowable-async-job-executor-thread-28425#
[StageAppStep] Application "mycapapp-ui" staged#
#2026 09 10 00:23:11.985#Z#DEBUG#95691efe-acad-11f1-bceb-eeee0a8894dd.OPERATION#flowable-async-job-executor-thread-28425#
Step "Stage App" finished#
#2026 09 10 00:23:11.950#Z#DEBUG#95691efe-acad-11f1-bceb-eeee0a8894dd.OPERATION#flowable-async-job-executor-thread-28426#
[RestartAppStep] Executing task "startAppTask" of process "bcbfc563-acad-11f1-8160-eeee0a8929a1"...#
#2026 09 10 00:23:11.953#Z#DEBUG#95691efe-acad-11f1-bceb-eeee0a8894dd.OPERATION#flowable-async-job-executor-thread-28426#
[RestartAppStep] Application start timeout is default one: 3,600 seconds#
#2026 09 10 00:23:11.958#Z#DEBUG#95691efe-acad-11f1-bceb-eeee0a8894dd.OPERATION#flowable-async-job-executor-thread-28426#
[RestartAppStep] Getting application "mycapapp-srv"...#
#2026 09 10 00:23:11.991#Z#INFO#95691efe-acad-11f1-bceb-eeee0a8894dd.OPERATION#flowable-async-job-executor-thread-28426#
[RestartAppStep] Starting application "mycapapp-srv"...#
#2026 09 10 00:23:11.995#Z#DEBUG#95691efe-acad-11f1-bceb-eeee0a8894dd.OPERATION#flowable-async-job-executor-thread-28426#
[RestartAppStep] Starting application "mycapapp-srv"...#
#2026 09 10 00:23:12.018#Z#DEBUG#95691efe-acad-11f1-bceb-eeee0a8894dd.OPERATION#flowable-async-job-executor-thread-28427#
[RestartAppStep] Executing task "startAppTask" of process "b6c6fdde-acad-11f1-8160-eeee0a8929a1"...#
#2026 09 10 00:23:12.021#Z#DEBUG#95691efe-acad-11f1-bceb-eeee0a8894dd.OPERATION#flowable-async-job-executor-thread-28427#
[RestartAppStep] Application start timeout is default one: 3,600 seconds#
#2026 09 10 00:23:12.027#Z#DEBUG#95691efe-acad-11f1-bceb-eeee0a8894dd.OPERATION#flowable-async-job-executor-thread-28427#
[RestartAppStep] Getting application "mycapapp-ui"...#
#2026 09 10 00:23:12.068#Z#INFO#95691efe-acad-11f1-bceb-eeee0a8894dd.OPERATION#flowable-async-job-executor-thread-28427#
[RestartAppStep] Starting application "mycapapp-ui"...#
#2026 09 10 00:23:12.074#Z#DEBUG#95691efe-acad-11f1-bceb-eeee0a8894dd.OPERATION#flowable-async-job-executor-thread-28427#
[RestartAppStep] Starting application "mycapapp-ui"...#
#2026 09 10 00:23:12.429#Z#DEBUG#95691efe-acad-11f1-bceb-eeee0a8894dd.OPERATION#flowable-async-job-executor-thread-28426#
Step "Start App" finished#
#2026 09 10 00:23:12.535#Z#DEBUG#95691efe-acad-11f1-bceb-eeee0a8894dd.OPERATION#flowable-async-job-executor-thread-28427#
Step "Start App" finished#
#2026 09 10 00:23:21.736#Z#DEBUG#95691efe-acad-11f1-bceb-eeee0a8894dd.OPERATION#flowable-async-job-executor-thread-23601#
[RestartAppStep] Executing task "startAppTask" of process "ced12ab7-acad-11f1-8160-eeee0a8929a1"...#
#2026 09 10 00:23:21.738#Z#DEBUG#95691efe-acad-11f1-bceb-eeee0a8894dd.OPERATION#flowable-async-job-executor-thread-23601#
[RestartAppStep] Application start timeout is default one: 3,600 seconds#
#2026 09 10 00:23:21.739#Z#DEBUG#95691efe-acad-11f1-bceb-eeee0a8894dd.OPERATION#flowable-async-job-executor-thread-23601#
[RestartAppStep] Checking status of application "mycapapp-srv"...#
#2026 09 10 00:23:21.739#Z#DEBUG#95691efe-acad-11f1-bceb-eeee0a8894dd.OPERATION#flowable-async-job-executor-thread-23601#
[RestartAppStep] Getting application "mycapapp-srv"...#
#2026 09 10 00:23:21.773#Z#DEBUG#95691efe-acad-11f1-bceb-eeee0a8894dd.OPERATION#flowable-async-job-executor-thread-23601#
[RestartAppStep] Getting instances for application "mycapapp-srv"...#
#2026 09 10 00:23:21.828#Z#DEBUG#95691efe-acad-11f1-bceb-eeee0a8894dd.OPERATION#flowable-async-job-executor-thread-23601#
[RestartAppStep] Application "mycapapp-srv": 1 of 1 instances running (1 running)#
#2026 09 10 00:23:21.866#Z#DEBUG#95691efe-acad-11f1-bceb-eeee0a8894dd.OPERATION#flowable-async-job-executor-thread-23601#
[RestartAppStep] Getting routes for application "3005b015-2937-4589-811f-cd9a45fbef58"...#
#2026 09 10 00:23:21.892#Z#INFO#95691efe-acad-11f1-bceb-eeee0a8894dd.OPERATION#flowable-async-job-executor-thread-23601#
[RestartAppStep] Application "mycapapp-srv" started and available at "18f2d7c5trial-dev-mycapapp-srv.cfapps.us10-001.hana.ondemand.com"#
#2026 09 10 00:23:21.896#Z#DEBUG#95691efe-acad-11f1-bceb-eeee0a8894dd.OPERATION#flowable-async-job-executor-thread-23601#
Step "Start App" finished#
#2026 09 10 00:23:21.761#Z#DEBUG#95691efe-acad-11f1-bceb-eeee0a8894dd.OPERATION#flowable-async-job-executor-thread-16467#
[RestartAppStep] Executing task "startAppTask" of process "cee15761-acad-11f1-8160-eeee0a8929a1"...#
#2026 09 10 00:23:21.766#Z#DEBUG#95691efe-acad-11f1-bceb-eeee0a8894dd.OPERATION#flowable-async-job-executor-thread-16467#
[RestartAppStep] Application start timeout is default one: 3,600 seconds#
#2026 09 10 00:23:21.767#Z#DEBUG#95691efe-acad-11f1-bceb-eeee0a8894dd.OPERATION#flowable-async-job-executor-thread-16467#
[RestartAppStep] Checking status of application "mycapapp-ui"...#
#2026 09 10 00:23:21.767#Z#DEBUG#95691efe-acad-11f1-bceb-eeee0a8894dd.OPERATION#flowable-async-job-executor-thread-16467#
[RestartAppStep] Getting application "mycapapp-ui"...#
#2026 09 10 00:23:21.818#Z#DEBUG#95691efe-acad-11f1-bceb-eeee0a8894dd.OPERATION#flowable-async-job-executor-thread-16467#
[RestartAppStep] Getting instances for application "mycapapp-ui"...#
#2026 09 10 00:23:21.881#Z#DEBUG#95691efe-acad-11f1-bceb-eeee0a8894dd.OPERATION#flowable-async-job-executor-thread-16467#
[RestartAppStep] Application "mycapapp-ui": 0 of 1 instances running (1 starting)#
#2026 09 10 00:23:21.950#Z#DEBUG#95691efe-acad-11f1-bceb-eeee0a8894dd.OPERATION#flowable-async-job-executor-thread-16467#
Step "Start App" finished#
#2026 09 10 00:23:31.739#Z#DEBUG#95691efe-acad-11f1-bceb-eeee0a8894dd.OPERATION#flowable-async-job-executor-thread-23604#
[RestartAppStep] Executing task "startAppTask" of process "d475b6ee-acad-11f1-bceb-eeee0a8894dd"...#
#2026 09 10 00:23:31.741#Z#DEBUG#95691efe-acad-11f1-bceb-eeee0a8894dd.OPERATION#flowable-async-job-executor-thread-23604#
[RestartAppStep] Application start timeout is default one: 3,600 seconds#
#2026 09 10 00:23:31.743#Z#DEBUG#95691efe-acad-11f1-bceb-eeee0a8894dd.OPERATION#flowable-async-job-executor-thread-23604#
Step "Start App" finished#
#2026 09 10 00:23:31.813#Z#DEBUG#95691efe-acad-11f1-bceb-eeee0a8894dd.OPERATION#flowable-async-job-executor-thread-23607#
[PrepareToExecuteTasksStep] Executing task "prepareToExecuteTasksTask" of process "da58fa83-acad-11f1-bceb-eeee0a8894dd"...#
#2026 09 10 00:23:31.814#Z#DEBUG#95691efe-acad-11f1-bceb-eeee0a8894dd.OPERATION#flowable-async-job-executor-thread-23607#
Step "Prepare To Execute Tasks" finished#
#2026 09 10 00:23:31.744#Z#DEBUG#95691efe-acad-11f1-bceb-eeee0a8894dd.OPERATION#flowable-async-job-executor-thread-23605#
[RestartAppStep] Executing task "startAppTask" of process "d47e6998-acad-11f1-96ce-eeee0a980db9"...#
#2026 09 10 00:23:31.746#Z#DEBUG#95691efe-acad-11f1-bceb-eeee0a8894dd.OPERATION#flowable-async-job-executor-thread-23605#
[RestartAppStep] Application start timeout is default one: 3,600 seconds#
#2026 09 10 00:23:31.747#Z#DEBUG#95691efe-acad-11f1-bceb-eeee0a8894dd.OPERATION#flowable-async-job-executor-thread-23605#
[RestartAppStep] Checking status of application "mycapapp-ui"...#
#2026 09 10 00:23:31.748#Z#DEBUG#95691efe-acad-11f1-bceb-eeee0a8894dd.OPERATION#flowable-async-job-executor-thread-23605#
[RestartAppStep] Getting instances for application "mycapapp-ui"...#
#2026 09 10 00:23:31.786#Z#DEBUG#95691efe-acad-11f1-bceb-eeee0a8894dd.OPERATION#flowable-async-job-executor-thread-23605#
[RestartAppStep] Application "mycapapp-ui": 0 of 1 instances running (1 starting)#
#2026 09 10 00:23:31.843#Z#DEBUG#95691efe-acad-11f1-bceb-eeee0a8894dd.OPERATION#flowable-async-job-executor-thread-23605#
Step "Start App" finished#
#2026 09 10 00:23:31.868#Z#DEBUG#95691efe-acad-11f1-bceb-eeee0a8894dd.OPERATION#flowable-async-job-executor-thread-23608#
[PublishConfigurationEntriesStep] Executing task "publishProvidedDependenciesTask" of process "da54185f-acad-11f1-bceb-eeee0a8894dd"...#
#2026 09 10 00:23:31.869#Z#DEBUG#95691efe-acad-11f1-bceb-eeee0a8894dd.OPERATION#flowable-async-job-executor-thread-23608#
[PublishConfigurationEntriesStep] Publishing public provided dependencies for application "mycapapp-srv"...#
#2026 09 10 00:23:31.869#Z#DEBUG#95691efe-acad-11f1-bceb-eeee0a8894dd.OPERATION#flowable-async-job-executor-thread-23608#
[PublishConfigurationEntriesStep] No public provided dependencies for publishing#
#2026 09 10 00:23:31.869#Z#DEBUG#95691efe-acad-11f1-bceb-eeee0a8894dd.OPERATION#flowable-async-job-executor-thread-23608#
Step "Publish Provided Dependencies" finished#
#2026 09 10 00:23:31.902#Z#DEBUG#95691efe-acad-11f1-bceb-eeee0a8894dd.OPERATION#flowable-async-job-executor-thread-23609#
[CreateOrUpdateServiceBrokerStep] Executing task "createOrUpdateServiceBrokerTask" of process "da54185f-acad-11f1-bceb-eeee0a8894dd"...#
#2026 09 10 00:23:31.903#Z#DEBUG#95691efe-acad-11f1-bceb-eeee0a8894dd.OPERATION#flowable-async-job-executor-thread-23609#
[CreateOrUpdateServiceBrokerStep] Creating service brokers...#
#2026 09 10 00:23:31.904#Z#DEBUG#95691efe-acad-11f1-bceb-eeee0a8894dd.OPERATION#flowable-async-job-executor-thread-23609#
Step "Create Or Update Service Broker " finished#
#2026 09 10 00:23:41.751#Z#DEBUG#95691efe-acad-11f1-bceb-eeee0a8894dd.OPERATION#flowable-async-job-executor-thread-23611#
[RestartAppStep] Executing task "startAppTask" of process "da635ad7-acad-11f1-bceb-eeee0a8894dd"...#
#2026 09 10 00:23:41.753#Z#DEBUG#95691efe-acad-11f1-bceb-eeee0a8894dd.OPERATION#flowable-async-job-executor-thread-23611#
[RestartAppStep] Application start timeout is default one: 3,600 seconds#
#2026 09 10 00:23:41.754#Z#DEBUG#95691efe-acad-11f1-bceb-eeee0a8894dd.OPERATION#flowable-async-job-executor-thread-23611#
[RestartAppStep] Checking status of application "mycapapp-ui"...#
#2026 09 10 00:23:41.755#Z#DEBUG#95691efe-acad-11f1-bceb-eeee0a8894dd.OPERATION#flowable-async-job-executor-thread-23611#
[RestartAppStep] Getting instances for application "mycapapp-ui"...#
#2026 09 10 00:23:41.797#Z#DEBUG#95691efe-acad-11f1-bceb-eeee0a8894dd.OPERATION#flowable-async-job-executor-thread-23611#
[RestartAppStep] Application "mycapapp-ui": 0 of 1 instances running (1 starting)#
#2026 09 10 00:23:41.845#Z#DEBUG#95691efe-acad-11f1-bceb-eeee0a8894dd.OPERATION#flowable-async-job-executor-thread-23611#
Step "Start App" finished#
#2026 09 10 00:23:51.758#Z#DEBUG#95691efe-acad-11f1-bceb-eeee0a8894dd.OPERATION#flowable-async-job-executor-thread-23613#
[RestartAppStep] Executing task "startAppTask" of process "e059d837-acad-11f1-bceb-eeee0a8894dd"...#
#2026 09 10 00:23:51.761#Z#DEBUG#95691efe-acad-11f1-bceb-eeee0a8894dd.OPERATION#flowable-async-job-executor-thread-23613#
[RestartAppStep] Application start timeout is default one: 3,600 seconds#
#2026 09 10 00:23:51.761#Z#DEBUG#95691efe-acad-11f1-bceb-eeee0a8894dd.OPERATION#flowable-async-job-executor-thread-23613#
[RestartAppStep] Checking status of application "mycapapp-ui"...#
#2026 09 10 00:23:51.762#Z#DEBUG#95691efe-acad-11f1-bceb-eeee0a8894dd.OPERATION#flowable-async-job-executor-thread-23613#
[RestartAppStep] Getting instances for application "mycapapp-ui"...#
#2026 09 10 00:23:51.807#Z#DEBUG#95691efe-acad-11f1-bceb-eeee0a8894dd.OPERATION#flowable-async-job-executor-thread-23613#
[RestartAppStep] Application "mycapapp-ui": 0 of 1 instances running (1 starting)#
#2026 09 10 00:23:51.842#Z#DEBUG#95691efe-acad-11f1-bceb-eeee0a8894dd.OPERATION#flowable-async-job-executor-thread-23613#
Step "Start App" finished#
#2026 09 10 00:24:01.765#Z#DEBUG#95691efe-acad-11f1-bceb-eeee0a8894dd.OPERATION#flowable-async-job-executor-thread-23615#
[RestartAppStep] Executing task "startAppTask" of process "e64ef5f4-acad-11f1-bceb-eeee0a8894dd"...#
#2026 09 10 00:24:01.768#Z#DEBUG#95691efe-acad-11f1-bceb-eeee0a8894dd.OPERATION#flowable-async-job-executor-thread-23615#
[RestartAppStep] Application start timeout is default one: 3,600 seconds#
#2026 09 10 00:24:01.768#Z#DEBUG#95691efe-acad-11f1-bceb-eeee0a8894dd.OPERATION#flowable-async-job-executor-thread-23615#
[RestartAppStep] Checking status of application "mycapapp-ui"...#
#2026 09 10 00:24:01.769#Z#DEBUG#95691efe-acad-11f1-bceb-eeee0a8894dd.OPERATION#flowable-async-job-executor-thread-23615#
[RestartAppStep] Getting instances for application "mycapapp-ui"...#
#2026 09 10 00:24:01.816#Z#DEBUG#95691efe-acad-11f1-bceb-eeee0a8894dd.OPERATION#flowable-async-job-executor-thread-23615#
[RestartAppStep] Application "mycapapp-ui": 0 of 1 instances running (1 crashed)#
#2026 09 10 00:24:01.848#Z#ERROR#95691efe-acad-11f1-bceb-eeee0a8894dd.OPERATION#flowable-async-job-executor-thread-23615#
[RestartAppStep] Error starting application "mycapapp-ui": Some instances have crashed. Check the application logs of your application for details.#
#2026 09 10 00:24:01.853#Z#INFO#95691efe-acad-11f1-bceb-eeee0a8894dd.OPERATION#flowable-async-job-executor-thread-23615#
[RestartAppStep] Download the MTA operation logs for more details.#
#2026 09 10 00:24:01.857#Z#DEBUG#95691efe-acad-11f1-bceb-eeee0a8894dd.OPERATION#flowable-async-job-executor-thread-23615#
Step "Start App" finished#
